ip.src	udp.srcport	ip.dst	udp.dstport	snmp.community	snmp.get_request_element	snmp.get_next_request_element
192.168.1.3	44681	192.168.2.2	161	public	1	
192.168.2.2	161	192.168.1.3	44681	public		
192.168.1.3	44681	192.168.2.2	161	public	1	
192.168.2.2	161	192.168.1.3	44681	public		
192.168.1.3	44681	192.168.2.2	161	public	1	
192.168.2.2	161	192.168.1.3	44681	public		
192.168.1.3	44681	192.168.2.2	161	public	1	
192.168.2.2	161	192.168.1.3	44681	public		
192.168.1.3	44681	192.168.2.2	161	public	1	
192.168.2.2	161	192.168.1.3	44681	public		
192.168.1.3	44681	192.168.2.2	161	public	1	
192.168.2.2	161	192.168.1.3	44681	public		
192.168.1.3	44681	192.168.2.2	161	public	1	
192.168.2.2	161	192.168.1.3	44681	public		
192.168.1.3	44681	192.168.2.2	161	public	1	
192.168.2.2	161	192.168.1.3	44681	public		
192.168.1.3	44681	192.168.2.2	161	public		1
192.168.2.2	161	192.168.1.3	44681	public		
192.168.1.3	44681	192.168.2.2	161	public		1
192.168.2.2	161	192.168.1.3	44681	public		
192.168.1.3	44681	192.168.2.2	161	public		1
192.168.2.2	161	192.168.1.3	44681	public		
192.168.1.3	44681	192.168.2.2	161	public		1
192.168.2.2	161	192.168.1.3	44681	public		
192.168.1.3	44681	192.168.2.2	161	public		1
192.168.2.2	161	192.168.1.3	44681	public		
192.168.1.3	44681	192.168.2.2	161	public		1
192.168.2.2	161	192.168.1.3	44681	public		
192.168.1.3	44681	192.168.2.2	161	public		1
192.168.2.2	161	192.168.1.3	44681	public		
192.168.1.3	44681	192.168.2.2	161	public		1
192.168.2.2	161	192.168.1.3	44681	public		
192.168.1.3	44681	192.168.2.2	161	public		1
192.168.2.2	161	192.168.1.3	44681	public		
192.168.1.3	44681	192.168.2.2	161	public		1
192.168.2.2	161	192.168.1.3	44681	public		
192.168.1.3	44681	192.168.2.2	161	public		1
192.168.2.2	161	192.168.1.3	44681	public		
192.168.1.3	44681	192.168.2.2	161	public		1
192.168.2.2	161	192.168.1.3	44681	public		
192.168.1.3	44681	192.168.2.2	161	public		1
192.168.2.2	161	192.168.1.3	44681	public		
192.168.1.3	44681	192.168.2.2	161	public		1
192.168.2.2	161	192.168.1.3	44681	public		
192.168.1.3	44681	192.168.2.2	161	public		1
192.168.2.2	161	192.168.1.3	44681	public		
192.168.1.3	44681	192.168.2.2	161	public		1
192.168.2.2	161	192.168.1.3	44681	public		
192.168.1.3	44681	192.168.2.2	161	public		1
192.168.2.2	161	192.168.1.3	44681	public		
192.168.1.3	44681	192.168.2.2	161	public		1
192.168.2.2	161	192.168.1.3	44681	public		
192.168.1.3	44681	192.168.2.2	161	public		1
192.168.2.2	161	192.168.1.3	44681	public		
192.168.1.3	44681	192.168.2.2	161	public		1
192.168.2.2	161	192.168.1.3	44681	public		
192.168.1.3	44681	192.168.2.2	161	public		1
192.168.2.2	161	192.168.1.3	44681	public		
192.168.1.3	44681	192.168.2.2	161	public	1	
192.168.2.2	161	192.168.1.3	44681	public		
192.168.1.3	44681	192.168.2.2	161	public	1	
192.168.2.2	161	192.168.1.3	44681	public		
192.168.1.3	44681	192.168.2.2	161	public	1	
192.168.2.2	161	192.168.1.3	44681	public		
192.168.1.3	44681	192.168.2.2	161	public	1	
192.168.2.2	161	192.168.1.3	44681	public		
192.168.1.3	44681	192.168.2.2	161	public	1	
192.168.2.2	161	192.168.1.3	44681	public		
192.168.1.3	44681	192.168.2.2	161	public	1	
192.168.2.2	161	192.168.1.3	44681	public		
192.168.1.3	44681	192.168.2.2	161	public	1	
192.168.2.2	161	192.168.1.3	44681	public		
192.168.1.3	44681	192.168.2.2	161	public	1	
192.168.2.2	161	192.168.1.3	44681	public		
192.168.1.3	44681	192.168.2.2	161	public		1
192.168.2.2	161	192.168.1.3	44681	public		
192.168.1.3	44681	192.168.2.2	161	public		1
192.168.2.2	161	192.168.1.3	44681	public		
192.168.1.3	44681	192.168.2.2	161	public		1
192.168.2.2	161	192.168.1.3	44681	public		
192.168.1.3	44681	192.168.2.2	161	public		1
192.168.2.2	161	192.168.1.3	44681	public		
192.168.1.3	44681	192.168.2.2	161	public		1
192.168.2.2	161	192.168.1.3	44681	public		
192.168.1.3	44681	192.168.2.2	161	public		1
192.168.2.2	161	192.168.1.3	44681	public		
192.168.1.3	44681	192.168.2.2	161	public		1
192.168.2.2	161	192.168.1.3	44681	public		
192.168.1.3	44681	192.168.2.2	161	public		1
192.168.2.2	161	192.168.1.3	44681	public		
192.168.1.3	44681	192.168.2.2	161	public		1
192.168.2.2	161	192.168.1.3	44681	public		
192.168.1.3	44681	192.168.2.2	161	public		1
192.168.2.2	161	192.168.1.3	44681	public		
192.168.1.3	44681	192.168.2.2	161	public		1
192.168.2.2	161	192.168.1.3	44681	public		
192.168.1.3	44681	192.168.2.2	161	public		1
192.168.2.2	161	192.168.1.3	44681	public		
192.168.1.3	44681	192.168.2.2	161	public		1
192.168.2.2	161	192.168.1.3	44681	public		
192.168.1.3	44681	192.168.2.2	161	public		1
192.168.2.2	161	192.168.1.3	44681	public		
192.168.1.3	44681	192.168.2.2	161	public		1
192.168.2.2	161	192.168.1.3	44681	public		
192.168.1.3	44681	192.168.2.2	161	public		1
192.168.2.2	161	192.168.1.3	44681	public		
192.168.1.3	44681	192.168.2.2	161	public		1
192.168.2.2	161	192.168.1.3	44681	public		
192.168.1.3	44681	192.168.2.2	161	public		1
192.168.2.2	161	192.168.1.3	44681	public		
192.168.1.3	44681	192.168.2.2	161	public		1
192.168.2.2	161	192.168.1.3	44681	public		
192.168.1.3	44681	192.168.2.2	161	public		1
192.168.2.2	161	192.168.1.3	44681	public		
192.168.1.3	44681	192.168.2.2	161	public		1
192.168.2.2	161	192.168.1.3	44681	public		
192.168.1.3	44681	192.168.2.2	161	public		1
192.168.2.2	161	192.168.1.3	44681	public		
192.168.1.3	44681	192.168.2.2	161	public		1
192.168.2.2	161	192.168.1.3	44681	public		
192.168.1.3	44681	192.168.2.2	161	public		1
192.168.2.2	161	192.168.1.3	44681	public		
192.168.1.3	44681	192.168.2.2	161	public		1
192.168.2.2	161	192.168.1.3	44681	public		
192.168.1.3	44681	192.168.2.2	161	public		1
192.168.2.2	161	192.168.1.3	44681	public		
192.168.1.3	44681	192.168.2.2	161	public		1
192.168.2.2	161	192.168.1.3	44681	public		
192.168.1.3	44681	192.168.2.2	161	public		1
192.168.2.2	161	192.168.1.3	44681	public		
192.168.1.3	44681	192.168.2.2	161	public		1
192.168.2.2	161	192.168.1.3	44681	public		
192.168.1.3	44681	192.168.2.2	161	public		1
192.168.2.2	161	192.168.1.3	44681	public		
192.168.1.3	44681	192.168.2.2	161	public		1
192.168.2.2	161	192.168.1.3	44681	public		
192.168.1.3	44681	192.168.2.2	161	public		1
192.168.2.2	161	192.168.1.3	44681	public		
192.168.1.3	44681	192.168.2.2	161	public		1
192.168.2.2	161	192.168.1.3	44681	public		
192.168.1.3	44681	192.168.2.2	161	public		1
192.168.2.2	161	192.168.1.3	44681	public		
192.168.1.3	44681	192.168.2.2	161	public		1
192.168.2.2	161	192.168.1.3	44681	public		
192.168.1.3	44681	192.168.2.2	161	public		1
192.168.2.2	161	192.168.1.3	44681	public		
192.168.1.3	44681	192.168.2.2	161	public		1
192.168.2.2	161	192.168.1.3	44681	public		
192.168.1.3	44681	192.168.2.2	161	public		1
192.168.2.2	161	192.168.1.3	44681	public		
192.168.1.3	44681	192.168.2.2	161	public		1
192.168.2.2	161	192.168.1.3	44681	public		
192.168.1.3	44681	192.168.2.2	161	public		1
192.168.2.2	161	192.168.1.3	44681	public		
192.168.1.3	44681	192.168.2.2	161	public		1
192.168.2.2	161	192.168.1.3	44681	public		
192.168.1.3	44681	192.168.2.2	161	public		1
192.168.2.2	161	192.168.1.3	44681	public		
192.168.1.3	44681	192.168.2.2	161	public		1
192.168.2.2	161	192.168.1.3	44681	public		
192.168.1.3	44681	192.168.2.2	161	public		1
192.168.2.2	161	192.168.1.3	44681	public		
192.168.1.3	44681	192.168.2.2	161	public		1
192.168.2.2	161	192.168.1.3	44681	public		
192.168.1.3	44681	192.168.2.2	161	public		1
192.168.2.2	161	192.168.1.3	44681	public		
192.168.1.3	44681	192.168.2.2	161	public		1
192.168.2.2	161	192.168.1.3	44681	public		
192.168.1.3	44681	192.168.2.2	161	public		1
192.168.2.2	161	192.168.1.3	44681	public		
192.168.1.3	44681	192.168.2.2	161	public		1
192.168.2.2	161	192.168.1.3	44681	public		
192.168.1.3	44681	192.168.2.2	161	public		1
192.168.2.2	161	192.168.1.3	44681	public		
192.168.1.3	44681	192.168.2.2	161	public		1
192.168.2.2	161	192.168.1.3	44681	public		
192.168.1.3	44681	192.168.2.2	161	public		1
192.168.2.2	161	192.168.1.3	44681	public		
192.168.1.3	44681	192.168.2.2	161	public		1
192.168.2.2	161	192.168.1.3	44681	public		
192.168.1.3	44681	192.168.2.2	161	public		1
192.168.2.2	161	192.168.1.3	44681	public		
192.168.1.3	44681	192.168.2.2	161	public		1
192.168.2.2	161	192.168.1.3	44681	public		
192.168.1.3	44681	192.168.2.2	161	public		1
192.168.2.2	161	192.168.1.3	44681	public		
192.168.1.3	44681	192.168.2.2	161	public		1
192.168.2.2	161	192.168.1.3	44681	public		
192.168.1.3	44681	192.168.2.2	161	public		1
192.168.2.2	161	192.168.1.3	44681	public		
192.168.1.3	44681	192.168.2.2	161	public		1
192.168.2.2	161	192.168.1.3	44681	public		
192.168.1.3	44681	192.168.2.2	161	public		1
192.168.2.2	161	192.168.1.3	44681	public		
192.168.1.3	44681	192.168.2.2	161	public		1
192.168.2.2	161	192.168.1.3	44681	public		
192.168.1.3	44681	192.168.2.2	161	public		1
192.168.2.2	161	192.168.1.3	44681	public		
192.168.1.3	44681	192.168.2.2	161	public		1
192.168.2.2	161	192.168.1.3	44681	public		
192.168.1.3	44681	192.168.2.2	161	public		1
192.168.2.2	161	192.168.1.3	44681	public		
192.168.1.3	44681	192.168.2.2	161	public		1
192.168.2.2	161	192.168.1.3	44681	public		
192.168.1.3	44681	192.168.2.2	161	public		1
192.168.2.2	161	192.168.1.3	44681	public		
192.168.1.3	44681	192.168.2.2	161	public		1
192.168.2.2	161	192.168.1.3	44681	public		
192.168.1.3	44681	192.168.2.2	161	public		1
192.168.2.2	161	192.168.1.3	44681	public		
192.168.1.3	44681	192.168.2.2	161	public		1
192.168.2.2	161	192.168.1.3	44681	public		
192.168.1.3	44681	192.168.2.2	161	public		1
192.168.2.2	161	192.168.1.3	44681	public		
192.168.1.3	44681	192.168.2.2	161	public		1
192.168.2.2	161	192.168.1.3	44681	public		
192.168.1.3	44681	192.168.2.2	161	public		1
192.168.2.2	161	192.168.1.3	44681	public		
192.168.1.3	44681	192.168.2.2	161	public		1
192.168.2.2	161	192.168.1.3	44681	public		
192.168.1.3	44681	192.168.2.2	161	public		1
192.168.2.2	161	192.168.1.3	44681	public		
192.168.1.3	44681	192.168.2.2	161	public		1
192.168.2.2	161	192.168.1.3	44681	public		
192.168.1.3	44681	192.168.2.2	161	public		1
192.168.2.2	161	192.168.1.3	44681	public		
192.168.1.3	44681	192.168.2.2	161	public		1
192.168.2.2	161	192.168.1.3	44681	public		
192.168.1.3	44681	192.168.2.2	161	public		1
192.168.2.2	161	192.168.1.3	44681	public		
192.168.1.3	44681	192.168.2.2	161	public		1
192.168.2.2	161	192.168.1.3	44681	public		
192.168.1.3	44681	192.168.2.2	161	public		1
192.168.2.2	161	192.168.1.3	44681	public		
192.168.1.3	44681	192.168.2.2	161	public		1
192.168.2.2	161	192.168.1.3	44681	public		
192.168.1.3	44681	192.168.2.2	161	public		1
192.168.2.2	161	192.168.1.3	44681	public		
192.168.1.3	44681	192.168.2.2	161	public		1
192.168.2.2	161	192.168.1.3	44681	public		
192.168.1.3	44681	192.168.2.2	161	public		1
192.168.2.2	161	192.168.1.3	44681	public		
192.168.1.3	44681	192.168.2.2	161	public		1
192.168.2.2	161	192.168.1.3	44681	public		
192.168.1.3	44681	192.168.2.2	161	public		1
192.168.2.2	161	192.168.1.3	44681	public		
192.168.1.3	44681	192.168.2.2	161	public		1
192.168.2.2	161	192.168.1.3	44681	public		
192.168.1.3	44681	192.168.2.2	161	public		1
192.168.2.2	161	192.168.1.3	44681	public		
192.168.1.3	44681	192.168.2.2	161	public		1
192.168.2.2	161	192.168.1.3	44681	public		
192.168.1.3	44681	192.168.2.2	161	public		1
192.168.2.2	161	192.168.1.3	44681	public		
192.168.1.3	44681	192.168.2.2	161	public		1
192.168.2.2	161	192.168.1.3	44681	public		
192.168.1.3	44681	192.168.2.2	161	public		1
192.168.2.2	161	192.168.1.3	44681	public		
192.168.1.3	44681	192.168.2.2	161	public		1
192.168.2.2	161	192.168.1.3	44681	public		
192.168.1.3	44681	192.168.2.2	161	public		1
192.168.2.2	161	192.168.1.3	44681	public		
192.168.1.3	44681	192.168.2.2	161	public		1
192.168.2.2	161	192.168.1.3	44681	public		
192.168.1.3	44681	192.168.2.2	161	public		1
192.168.2.2	161	192.168.1.3	44681	public		
192.168.1.3	44681	192.168.2.2	161	public		1
192.168.2.2	161	192.168.1.3	44681	public		
192.168.1.3	44681	192.168.2.2	161	public		1
192.168.2.2	161	192.168.1.3	44681	public		
192.168.1.3	44681	192.168.2.2	161	public		1
192.168.2.2	161	192.168.1.3	44681	public		
192.168.1.3	44681	192.168.2.2	161	public		1
192.168.2.2	161	192.168.1.3	44681	public		
192.168.1.3	44681	192.168.2.2	161	public		1
192.168.2.2	161	192.168.1.3	44681	public		
192.168.1.3	44681	192.168.2.2	161	public		1
192.168.2.2	161	192.168.1.3	44681	public		
192.168.1.3	44681	192.168.2.2	161	public		1
192.168.2.2	161	192.168.1.3	44681	public		
192.168.1.3	44681	192.168.2.2	161	public		1
192.168.2.2	161	192.168.1.3	44681	public		
192.168.1.3	44681	192.168.2.2	161	public		1
192.168.2.2	161	192.168.1.3	44681	public		
192.168.1.3	44681	192.168.2.2	161	public		1
192.168.2.2	161	192.168.1.3	44681	public		
192.168.1.3	44681	192.168.2.2	161	public		1
192.168.2.2	161	192.168.1.3	44681	public		
192.168.1.3	44681	192.168.2.2	161	public		1
192.168.2.2	161	192.168.1.3	44681	public		
192.168.1.3	44681	192.168.2.2	161	public		1
192.168.2.2	161	192.168.1.3	44681	public		
192.168.1.3	44681	192.168.2.2	161	public		1
192.168.2.2	161	192.168.1.3	44681	public		
192.168.1.3	44681	192.168.2.2	161	public		1
192.168.2.2	161	192.168.1.3	44681	public		
192.168.1.3	44681	192.168.2.2	161	public		1
192.168.2.2	161	192.168.1.3	44681	public		
192.168.1.3	44681	192.168.2.2	161	public		1
192.168.2.2	161	192.168.1.3	44681	public		
192.168.1.3	44681	192.168.2.2	161	public		1
192.168.2.2	161	192.168.1.3	44681	public		
192.168.1.3	44681	192.168.2.2	161	public		1
192.168.2.2	161	192.168.1.3	44681	public		
192.168.1.3	44681	192.168.2.2	161	public		1
192.168.2.2	161	192.168.1.3	44681	public		
192.168.1.3	44681	192.168.2.2	161	public		1
192.168.2.2	161	192.168.1.3	44681	public		
192.168.1.3	44681	192.168.2.2	161	public		1
192.168.2.2	161	192.168.1.3	44681	public		
192.168.1.3	44681	192.168.2.2	161	public		1
192.168.2.2	161	192.168.1.3	44681	public		
192.168.1.3	44681	192.168.2.2	161	public		1
192.168.2.2	161	192.168.1.3	44681	public		
192.168.1.3	44681	192.168.2.2	161	public		1
192.168.2.2	161	192.168.1.3	44681	public		
192.168.1.3	44681	192.168.2.2	161	public		1
192.168.2.2	161	192.168.1.3	44681	public		
192.168.1.3	44681	192.168.2.2	161	public		1
192.168.2.2	161	192.168.1.3	44681	public		
192.168.1.3	44681	192.168.2.2	161	public		1
192.168.2.2	161	192.168.1.3	44681	public		
192.168.1.3	44681	192.168.2.2	161	public		1
192.168.2.2	161	192.168.1.3	44681	public		
192.168.1.3	44681	192.168.2.2	161	public		1
192.168.2.2	161	192.168.1.3	44681	public		
192.168.1.3	44681	192.168.2.2	161	public		1
192.168.2.2	161	192.168.1.3	44681	public		
192.168.1.3	44681	192.168.2.2	161	public		1
192.168.2.2	161	192.168.1.3	44681	public		
192.168.1.3	44681	192.168.2.2	161	public		1
192.168.2.2	161	192.168.1.3	44681	public		
192.168.1.3	44681	192.168.2.2	161	public		1
192.168.2.2	161	192.168.1.3	44681	public		
192.168.1.3	44681	192.168.2.2	161	public		1
192.168.2.2	161	192.168.1.3	44681	public		
192.168.1.3	44681	192.168.2.2	161	public		1
192.168.2.2	161	192.168.1.3	44681	public		
192.168.1.3	44681	192.168.2.2	161	public		1
192.168.2.2	161	192.168.1.3	44681	public		
192.168.1.3	44681	192.168.2.2	161	public		1
192.168.2.2	161	192.168.1.3	44681	public		
192.168.1.3	44681	192.168.2.2	161	public		1
192.168.2.2	161	192.168.1.3	44681	public		
192.168.1.3	44681	192.168.2.2	161	public		1
192.168.2.2	161	192.168.1.3	44681	public		
192.168.1.3	44681	192.168.2.2	161	public		1
192.168.2.2	161	192.168.1.3	44681	public		
192.168.1.3	44681	192.168.2.2	161	public		1
192.168.2.2	161	192.168.1.3	44681	public		
192.168.1.3	44681	192.168.2.2	161	public		1
192.168.2.2	161	192.168.1.3	44681	public		
192.168.1.3	44681	192.168.2.2	161	public		1
192.168.2.2	161	192.168.1.3	44681	public		
192.168.1.3	44681	192.168.2.2	161	public		1
192.168.2.2	161	192.168.1.3	44681	public		
192.168.1.3	44681	192.168.2.2	161	public		1
192.168.2.2	161	192.168.1.3	44681	public		
192.168.1.3	44681	192.168.2.2	161	public		1
192.168.2.2	161	192.168.1.3	44681	public		
192.168.1.3	44681	192.168.2.2	161	public		1
192.168.2.2	161	192.168.1.3	44681	public		
192.168.1.3	44681	192.168.2.2	161	public		1
192.168.2.2	161	192.168.1.3	44681	public		
192.168.1.3	44681	192.168.2.2	161	public		1
192.168.2.2	161	192.168.1.3	44681	public		
192.168.1.3	44681	192.168.2.2	161	public		1
192.168.2.2	161	192.168.1.3	44681	public		
192.168.1.3	44681	192.168.2.2	161	public		1
192.168.2.2	161	192.168.1.3	44681	public		
192.168.1.3	44681	192.168.2.2	161	public		1
192.168.2.2	161	192.168.1.3	44681	public		
192.168.1.3	44681	192.168.2.2	161	public		1
192.168.2.2	161	192.168.1.3	44681	public		
192.168.1.3	44681	192.168.2.2	161	public		1
192.168.2.2	161	192.168.1.3	44681	public		
192.168.1.3	44681	192.168.2.2	161	public		1
192.168.2.2	161	192.168.1.3	44681	public		
192.168.1.3	44681	192.168.2.2	161	public		1
192.168.2.2	161	192.168.1.3	44681	public		
192.168.1.3	44681	192.168.2.2	161	public		1
192.168.2.2	161	192.168.1.3	44681	public		
192.168.1.3	44681	192.168.2.2	161	public		1
192.168.2.2	161	192.168.1.3	44681	public		
192.168.1.3	44681	192.168.2.2	161	public		1
192.168.2.2	161	192.168.1.3	44681	public		
192.168.1.3	44681	192.168.2.2	161	public		1
192.168.2.2	161	192.168.1.3	44681	public		
192.168.1.3	44681	192.168.2.2	161	public		1
192.168.2.2	161	192.168.1.3	44681	public		
192.168.1.3	44681	192.168.2.2	161	public		1
192.168.2.2	161	192.168.1.3	44681	public		
192.168.1.3	44681	192.168.2.2	161	public		1
192.168.2.2	161	192.168.1.3	44681	public		
192.168.1.3	44681	192.168.2.2	161	public		1
192.168.2.2	161	192.168.1.3	44681	public		
192.168.1.3	44681	192.168.2.2	161	public		1
192.168.2.2	161	192.168.1.3	44681	public		
192.168.1.3	44681	192.168.2.2	161	public		1
192.168.2.2	161	192.168.1.3	44681	public		
192.168.1.3	44681	192.168.2.2	161	public		1
192.168.2.2	161	192.168.1.3	44681	public		
192.168.1.3	44681	192.168.2.2	161	public		1
192.168.2.2	161	192.168.1.3	44681	public		
192.168.1.3	44681	192.168.2.2	161	public		1
192.168.2.2	161	192.168.1.3	44681	public		
192.168.1.3	44681	192.168.2.2	161	public		1
192.168.2.2	161	192.168.1.3	44681	public		
192.168.1.3	44681	192.168.2.2	161	public		1
192.168.2.2	161	192.168.1.3	44681	public		
192.168.1.3	44681	192.168.2.2	161	public		1
192.168.2.2	161	192.168.1.3	44681	public		
192.168.1.3	44681	192.168.2.2	161	public		1
192.168.2.2	161	192.168.1.3	44681	public		
192.168.1.3	44681	192.168.2.2	161	public		1
192.168.2.2	161	192.168.1.3	44681	public		
192.168.1.3	44681	192.168.2.2	161	public		1
192.168.2.2	161	192.168.1.3	44681	public		
192.168.1.3	44681	192.168.2.2	161	public		1
192.168.2.2	161	192.168.1.3	44681	public		
192.168.1.3	44681	192.168.2.2	161	public		1
192.168.2.2	161	192.168.1.3	44681	public		
192.168.1.3	44681	192.168.2.2	161	public		1
192.168.2.2	161	192.168.1.3	44681	public		
192.168.1.3	44681	192.168.2.2	161	public		1
192.168.2.2	161	192.168.1.3	44681	public		
192.168.1.3	44681	192.168.2.2	161	public		1
192.168.2.2	161	192.168.1.3	44681	public		
192.168.1.3	44681	192.168.2.2	161	public		1
192.168.2.2	161	192.168.1.3	44681	public		
192.168.1.3	44681	192.168.2.2	161	public		1
192.168.2.2	161	192.168.1.3	44681	public		
192.168.1.3	44681	192.168.2.2	161	public		1
192.168.2.2	161	192.168.1.3	44681	public		
192.168.1.3	44681	192.168.2.2	161	public		1
192.168.2.2	161	192.168.1.3	44681	public		
192.168.1.3	44681	192.168.2.2	161	public		1
192.168.2.2	161	192.168.1.3	44681	public		
192.168.1.3	44681	192.168.2.2	161	public		1
192.168.2.2	161	192.168.1.3	44681	public		
192.168.1.3	44681	192.168.2.2	161	public		1
192.168.2.2	161	192.168.1.3	44681	public		
192.168.1.3	44681	192.168.2.2	161	public		1
192.168.2.2	161	192.168.1.3	44681	public		
192.168.1.3	44681	192.168.2.2	161	public		1
192.168.2.2	161	192.168.1.3	44681	public		
192.168.1.3	44681	192.168.2.2	161	public		1
192.168.2.2	161	192.168.1.3	44681	public		
192.168.1.3	44681	192.168.2.2	161	public		1
192.168.2.2	161	192.168.1.3	44681	public		
192.168.1.3	44681	192.168.2.2	161	public		1
192.168.2.2	161	192.168.1.3	44681	public		
192.168.1.3	44681	192.168.2.2	161	public		1
192.168.2.2	161	192.168.1.3	44681	public		
192.168.1.3	44681	192.168.2.2	161	public		1
192.168.2.2	161	192.168.1.3	44681	public		
192.168.1.3	44681	192.168.2.2	161	public		1
192.168.2.2	161	192.168.1.3	44681	public		
192.168.1.3	44681	192.168.2.2	161	public		1
192.168.2.2	161	192.168.1.3	44681	public		
192.168.1.3	44681	192.168.2.2	161	public		1
192.168.2.2	161	192.168.1.3	44681	public		
192.168.1.3	44681	192.168.2.2	161	public		1
192.168.2.2	161	192.168.1.3	44681	public		
192.168.1.3	44681	192.168.2.2	161	public		1
192.168.2.2	161	192.168.1.3	44681	public		
192.168.1.3	44681	192.168.2.2	161	public		1
192.168.2.2	161	192.168.1.3	44681	public		
192.168.1.3	44681	192.168.2.2	161	public		1
192.168.2.2	161	192.168.1.3	44681	public		
192.168.1.3	44681	192.168.2.2	161	public		1
192.168.2.2	161	192.168.1.3	44681	public		
192.168.1.3	44681	192.168.2.2	161	public		1
192.168.2.2	161	192.168.1.3	44681	public		
192.168.1.3	44681	192.168.2.2	161	public		1
192.168.2.2	161	192.168.1.3	44681	public		
192.168.1.3	44681	192.168.2.2	161	public		1
192.168.2.2	161	192.168.1.3	44681	public		
192.168.1.3	44681	192.168.2.2	161	public		1
192.168.2.2	161	192.168.1.3	44681	public		
192.168.1.3	44681	192.168.2.2	161	public		1
192.168.2.2	161	192.168.1.3	44681	public		
192.168.1.3	44681	192.168.2.2	161	public		1
192.168.2.2	161	192.168.1.3	44681	public		
192.168.1.3	44681	192.168.2.2	161	public		1
192.168.2.2	161	192.168.1.3	44681	public		
192.168.1.3	44681	192.168.2.2	161	public		1
192.168.2.2	161	192.168.1.3	44681	public		
192.168.1.3	44681	192.168.2.2	161	public		1
192.168.2.2	161	192.168.1.3	44681	public		
192.168.1.3	44681	192.168.2.2	161	public		1
192.168.2.2	161	192.168.1.3	44681	public		
192.168.1.3	44681	192.168.2.2	161	public		1
192.168.2.2	161	192.168.1.3	44681	public		
192.168.1.3	44681	192.168.2.2	161	public		1
192.168.2.2	161	192.168.1.3	44681	public		
192.168.1.3	44681	192.168.2.2	161	public		1
192.168.2.2	161	192.168.1.3	44681	public		
192.168.1.3	44681	192.168.2.2	161	public		1
192.168.2.2	161	192.168.1.3	44681	public		
192.168.1.3	44681	192.168.2.2	161	public		1
192.168.2.2	161	192.168.1.3	44681	public		
192.168.1.3	44681	192.168.2.2	161	public		1
192.168.2.2	161	192.168.1.3	44681	public		
192.168.1.3	44681	192.168.2.2	161	public		1
192.168.2.2	161	192.168.1.3	44681	public		
192.168.1.3	44681	192.168.2.2	161	public		1
192.168.2.2	161	192.168.1.3	44681	public		
192.168.1.3	44681	192.168.2.2	161	public		1
192.168.2.2	161	192.168.1.3	44681	public		
192.168.1.3	44681	192.168.2.2	161	public		1
192.168.2.2	161	192.168.1.3	44681	public		
192.168.1.3	44681	192.168.2.2	161	public		1
192.168.2.2	161	192.168.1.3	44681	public		
192.168.1.3	44681	192.168.2.2	161	public		1
192.168.2.2	161	192.168.1.3	44681	public		
192.168.1.3	44681	192.168.2.2	161	public		1
192.168.2.2	161	192.168.1.3	44681	public		
192.168.1.3	44681	192.168.2.2	161	public		1
192.168.2.2	161	192.168.1.3	44681	public		
192.168.1.3	44681	192.168.2.2	161	public		1
192.168.2.2	161	192.168.1.3	44681	public		
192.168.1.3	44681	192.168.2.2	161	public		1
192.168.2.2	161	192.168.1.3	44681	public		
192.168.1.3	44681	192.168.2.2	161	public		1
192.168.2.2	161	192.168.1.3	44681	public		
192.168.1.3	44681	192.168.2.2	161	public		1
192.168.2.2	161	192.168.1.3	44681	public		
192.168.1.3	44681	192.168.2.2	161	public	1	
192.168.2.2	161	192.168.1.3	44681	public		
192.168.1.3	44681	192.168.2.2	161	public	1	
192.168.2.2	161	192.168.1.3	44681	public		
192.168.1.3	44681	192.168.2.2	161	public	1	
192.168.2.2	161	192.168.1.3	44681	public		
192.168.1.3	44681	192.168.2.2	161	public	1	
192.168.2.2	161	192.168.1.3	44681	public		
192.168.1.3	44681	192.168.2.2	161	public	1	
192.168.2.2	161	192.168.1.3	44681	public		
192.168.1.3	44681	192.168.2.2	161	public	1	
192.168.2.2	161	192.168.1.3	44681	public		
192.168.1.3	44681	192.168.2.2	161	public	1	
192.168.2.2	161	192.168.1.3	44681	public		
192.168.1.3	44681	192.168.2.2	161	public	1	
192.168.2.2	161	192.168.1.3	44681	public		
192.168.1.3	44681	192.168.2.2	161	public	1	
192.168.2.2	161	192.168.1.3	44681	public		
192.168.1.3	44681	192.168.2.2	161	public	1	
192.168.2.2	161	192.168.1.3	44681	public		
192.168.1.3	44681	192.168.2.2	161	public	1	
192.168.2.2	161	192.168.1.3	44681	public		
192.168.1.3	44681	192.168.2.2	161	public	1	
192.168.2.2	161	192.168.1.3	44681	public		
192.168.1.3	44681	192.168.2.2	161	public	1	
192.168.2.2	161	192.168.1.3	44681	public		
192.168.1.3	44681	192.168.2.2	161	public	1	
192.168.2.2	161	192.168.1.3	44681	public		
192.168.1.3	44681	192.168.2.2	161	public	1	
192.168.2.2	161	192.168.1.3	44681	public		
192.168.1.3	44681	192.168.2.2	161	public	1	
192.168.2.2	161	192.168.1.3	44681	public		
192.168.1.3	44681	192.168.2.2	161	public	1	
192.168.2.2	161	192.168.1.3	44681	public		
192.168.1.3	44681	192.168.2.2	161	public	1	
192.168.2.2	161	192.168.1.3	44681	public		
192.168.1.3	44681	192.168.2.2	161	public	1	
192.168.2.2	161	192.168.1.3	44681	public		
192.168.1.3	44681	192.168.2.2	161	public	1	
192.168.2.2	161	192.168.1.3	44681	public		
192.168.1.3	44681	192.168.2.2	161	public		1
192.168.2.2	161	192.168.1.3	44681	public		
192.168.1.3	44681	192.168.2.2	161	public		1
192.168.2.2	161	192.168.1.3	44681	public		
192.168.1.3	44681	192.168.2.2	161	public		1
192.168.2.2	161	192.168.1.3	44681	public		
192.168.1.3	44681	192.168.2.2	161	public		1
192.168.2.2	161	192.168.1.3	44681	public		
192.168.1.3	44681	192.168.2.2	161	public	1	
192.168.2.2	161	192.168.1.3	44681	public		
192.168.1.3	44681	192.168.2.2	161	public	1	
192.168.2.2	161	192.168.1.3	44681	public		
192.168.1.3	44681	192.168.2.2	161	public	1	
192.168.2.2	161	192.168.1.3	44681	public		
192.168.1.3	44681	192.168.2.2	161	public	1	
192.168.2.2	161	192.168.1.3	44681	public		
192.168.1.3	44681	192.168.2.2	161	public	1	
192.168.2.2	161	192.168.1.3	44681	public		
192.168.1.3	44681	192.168.2.2	161	public	1	
192.168.2.2	161	192.168.1.3	44681	public		
192.168.1.3	44681	192.168.2.2	161	public		1
192.168.2.2	161	192.168.1.3	44681	public		
192.168.1.3	44681	192.168.2.2	161	public		1
192.168.2.2	161	192.168.1.3	44681	public		
192.168.1.3	44681	192.168.2.2	161	public		1
192.168.2.2	161	192.168.1.3	44681	public		
192.168.1.3	44681	192.168.2.2	161	public		1
192.168.2.2	161	192.168.1.3	44681	public		
192.168.1.3	44681	192.168.2.2	161	public		1
192.168.2.2	161	192.168.1.3	44681	public		
192.168.1.3	44681	192.168.2.2	161	public		1
192.168.2.2	161	192.168.1.3	44681	public		
192.168.1.3	44681	192.168.2.2	161	public		1
192.168.2.2	161	192.168.1.3	44681	public		
192.168.1.3	44681	192.168.2.2	161	public		1
192.168.2.2	161	192.168.1.3	44681	public		
192.168.1.3	44681	192.168.2.2	161	public		1
192.168.2.2	161	192.168.1.3	44681	public		
192.168.1.3	44681	192.168.2.2	161	public		1
192.168.2.2	161	192.168.1.3	44681	public		
192.168.1.3	44681	192.168.2.2	161	public		1
192.168.2.2	161	192.168.1.3	44681	public		
192.168.1.3	44681	192.168.2.2	161	public		1
192.168.2.2	161	192.168.1.3	44681	public		
192.168.1.3	44681	192.168.2.2	161	public		1
192.168.2.2	161	192.168.1.3	44681	public		
192.168.1.3	44681	192.168.2.2	161	public		1
192.168.2.2	161	192.168.1.3	44681	public		
192.168.1.3	44681	192.168.2.2	161	public		1
192.168.2.2	161	192.168.1.3	44681	public		
192.168.1.3	44681	192.168.2.2	161	public		1
192.168.2.2	161	192.168.1.3	44681	public		
192.168.1.3	44681	192.168.2.2	161	public		1
192.168.2.2	161	192.168.1.3	44681	public		
192.168.1.3	44681	192.168.2.2	161	public		1
192.168.2.2	161	192.168.1.3	44681	public		
192.168.1.3	44681	192.168.2.2	161	public		1
192.168.2.2	161	192.168.1.3	44681	public		
192.168.1.3	44681	192.168.2.2	161	public		1
192.168.2.2	161	192.168.1.3	44681	public		
192.168.1.3	44681	192.168.2.2	161	public		1
192.168.2.2	161	192.168.1.3	44681	public		
192.168.1.3	44681	192.168.2.2	161	public		1
192.168.2.2	161	192.168.1.3	44681	public		
192.168.1.3	44681	192.168.2.2	161	public		1
192.168.2.2	161	192.168.1.3	44681	public		
192.168.1.3	44681	192.168.2.2	161	public		1
192.168.2.2	161	192.168.1.3	44681	public		
192.168.1.3	44681	192.168.2.2	161	public		1
192.168.2.2	161	192.168.1.3	44681	public		
192.168.1.3	44681	192.168.2.2	161	public		1
192.168.2.2	161	192.168.1.3	44681	public		
192.168.1.3	44681	192.168.2.2	161	public		1
192.168.2.2	161	192.168.1.3	44681	public		
192.168.1.3	44681	192.168.2.2	161	public		1
192.168.2.2	161	192.168.1.3	44681	public		
192.168.1.3	44681	192.168.2.2	161	public		1
192.168.2.2	161	192.168.1.3	44681	public		
192.168.1.3	44681	192.168.2.2	161	public		1
192.168.2.2	161	192.168.1.3	44681	public		
192.168.1.3	44681	192.168.2.2	161	public		1
192.168.2.2	161	192.168.1.3	44681	public		
192.168.1.3	44681	192.168.2.2	161	public		1
192.168.2.2	161	192.168.1.3	44681	public		
192.168.1.3	44681	192.168.2.2	161	public		1
192.168.2.2	161	192.168.1.3	44681	public		
192.168.1.3	44681	192.168.2.2	161	public		1
192.168.2.2	161	192.168.1.3	44681	public		
192.168.1.3	44681	192.168.2.2	161	public		1
192.168.2.2	161	192.168.1.3	44681	public		
192.168.1.3	44681	192.168.2.2	161	public		1
192.168.2.2	161	192.168.1.3	44681	public		
192.168.1.3	44681	192.168.2.2	161	public		1
192.168.2.2	161	192.168.1.3	44681	public		
192.168.1.3	44681	192.168.2.2	161	public		1
192.168.2.2	161	192.168.1.3	44681	public		
192.168.1.3	44681	192.168.2.2	161	public		1
192.168.2.2	161	192.168.1.3	44681	public		
192.168.1.3	44681	192.168.2.2	161	public		1
192.168.2.2	161	192.168.1.3	44681	public		
192.168.1.3	44681	192.168.2.2	161	public		1
192.168.2.2	161	192.168.1.3	44681	public		
192.168.1.3	44681	192.168.2.2	161	public		1
192.168.2.2	161	192.168.1.3	44681	public		
192.168.1.3	44681	192.168.2.2	161	public		1
192.168.2.2	161	192.168.1.3	44681	public		
192.168.1.3	44681	192.168.2.2	161	public		1
192.168.2.2	161	192.168.1.3	44681	public		
192.168.1.3	44681	192.168.2.2	161	public		1
192.168.2.2	161	192.168.1.3	44681	public		
192.168.1.3	44681	192.168.2.2	161	public		1
192.168.2.2	161	192.168.1.3	44681	public		
192.168.1.3	44681	192.168.2.2	161	public		1
192.168.2.2	161	192.168.1.3	44681	public		
192.168.1.3	44681	192.168.2.2	161	public		1
192.168.2.2	161	192.168.1.3	44681	public		
192.168.1.3	44681	192.168.2.2	161	public		1
192.168.2.2	161	192.168.1.3	44681	public		
192.168.1.3	44681	192.168.2.2	161	public		1
192.168.2.2	161	192.168.1.3	44681	public		
192.168.1.3	44681	192.168.2.2	161	public		1
192.168.2.2	161	192.168.1.3	44681	public		
192.168.1.3	44681	192.168.2.2	161	public		1
192.168.2.2	161	192.168.1.3	44681	public		
192.168.1.3	44681	192.168.2.2	161	public		1
192.168.2.2	161	192.168.1.3	44681	public		
192.168.1.3	44681	192.168.2.2	161	public		1
192.168.2.2	161	192.168.1.3	44681	public		
192.168.1.3	44681	192.168.2.2	161	public		1
192.168.2.2	161	192.168.1.3	44681	public		
192.168.1.3	44681	192.168.2.2	161	public		1
192.168.2.2	161	192.168.1.3	44681	public		
192.168.1.3	44681	192.168.2.2	161	public		1
192.168.2.2	161	192.168.1.3	44681	public		
192.168.1.3	44681	192.168.2.2	161	public		1
192.168.2.2	161	192.168.1.3	44681	public		
192.168.1.3	44681	192.168.2.2	161	public		1
192.168.2.2	161	192.168.1.3	44681	public		
192.168.1.3	44681	192.168.2.2	161	public		1
192.168.2.2	161	192.168.1.3	44681	public		
192.168.1.3	44681	192.168.2.2	161	public		1
192.168.2.2	161	192.168.1.3	44681	public		
192.168.1.3	44681	192.168.2.2	161	public		1
192.168.2.2	161	192.168.1.3	44681	public		
192.168.1.3	44681	192.168.2.2	161	public		1
192.168.2.2	161	192.168.1.3	44681	public		
192.168.1.3	44681	192.168.2.2	161	public		1
192.168.2.2	161	192.168.1.3	44681	public		
192.168.1.3	44681	192.168.2.2	161	public		1
192.168.2.2	161	192.168.1.3	44681	public		
192.168.1.3	44681	192.168.2.2	161	public		1
192.168.2.2	161	192.168.1.3	44681	public		
192.168.1.3	44681	192.168.2.2	161	public		1
192.168.2.2	161	192.168.1.3	44681	public		
192.168.1.3	44681	192.168.2.2	161	public		1
192.168.2.2	161	192.168.1.3	44681	public		
192.168.1.3	44681	192.168.2.2	161	public		1
192.168.2.2	161	192.168.1.3	44681	public		
192.168.1.3	44681	192.168.2.2	161	public		1
192.168.2.2	161	192.168.1.3	44681	public		
192.168.1.3	44681	192.168.2.2	161	public		1
192.168.2.2	161	192.168.1.3	44681	public		
192.168.1.3	44681	192.168.2.2	161	public		1
192.168.2.2	161	192.168.1.3	44681	public		
192.168.1.3	44681	192.168.2.2	161	public		1
192.168.2.2	161	192.168.1.3	44681	public		
192.168.1.3	44681	192.168.2.2	161	public		1
192.168.2.2	161	192.168.1.3	44681	public		
192.168.1.3	44681	192.168.2.2	161	public		1
192.168.2.2	161	192.168.1.3	44681	public		
192.168.1.3	44681	192.168.2.2	161	public		1
192.168.2.2	161	192.168.1.3	44681	public		
192.168.1.3	44681	192.168.2.2	161	public		1
192.168.2.2	161	192.168.1.3	44681	public		
192.168.1.3	44681	192.168.2.2	161	public		1
192.168.2.2	161	192.168.1.3	44681	public		
192.168.1.3	44681	192.168.2.2	161	public		1
192.168.2.2	161	192.168.1.3	44681	public		
192.168.1.3	44681	192.168.2.2	161	public		1
192.168.2.2	161	192.168.1.3	44681	public		
192.168.1.3	44681	192.168.2.2	161	public		1
192.168.2.2	161	192.168.1.3	44681	public		
192.168.1.3	44681	192.168.2.2	161	public		1
192.168.2.2	161	192.168.1.3	44681	public		
192.168.1.3	44681	192.168.2.2	161	public		1
192.168.2.2	161	192.168.1.3	44681	public		
192.168.1.3	44681	192.168.2.2	161	public		1
192.168.2.2	161	192.168.1.3	44681	public		
192.168.1.3	44681	192.168.2.2	161	public		1
192.168.2.2	161	192.168.1.3	44681	public		
192.168.1.3	44681	192.168.2.2	161	public		1
192.168.2.2	161	192.168.1.3	44681	public		
192.168.1.3	44681	192.168.2.2	161	public		1
192.168.2.2	161	192.168.1.3	44681	public		
192.168.1.3	44681	192.168.2.2	161	public		1
192.168.2.2	161	192.168.1.3	44681	public		
192.168.1.3	44681	192.168.2.2	161	public		1
192.168.2.2	161	192.168.1.3	44681	public		
192.168.1.3	44681	192.168.2.2	161	public		1
192.168.2.2	161	192.168.1.3	44681	public		
192.168.1.3	44681	192.168.2.2	161	public		1
192.168.2.2	161	192.168.1.3	44681	public		
192.168.1.3	44681	192.168.2.2	161	public		1
192.168.2.2	161	192.168.1.3	44681	public		
192.168.1.3	44681	192.168.2.2	161	public		1
192.168.2.2	161	192.168.1.3	44681	public		
192.168.1.3	44681	192.168.2.2	161	public		1
192.168.2.2	161	192.168.1.3	44681	public		
192.168.1.3	44681	192.168.2.2	161	public		1
192.168.2.2	161	192.168.1.3	44681	public		
192.168.1.3	44681	192.168.2.2	161	public		1
192.168.2.2	161	192.168.1.3	44681	public		
192.168.1.3	44681	192.168.2.2	161	public		1
192.168.2.2	161	192.168.1.3	44681	public		
192.168.1.3	44681	192.168.2.2	161	public		1
192.168.2.2	161	192.168.1.3	44681	public		
192.168.1.3	44681	192.168.2.2	161	public		1
192.168.2.2	161	192.168.1.3	44681	public		
192.168.1.3	44681	192.168.2.2	161	public		1
192.168.2.2	161	192.168.1.3	44681	public		
192.168.1.3	44681	192.168.2.2	161	public		1
192.168.2.2	161	192.168.1.3	44681	public		
192.168.1.3	44681	192.168.2.2	161	public		1
192.168.2.2	161	192.168.1.3	44681	public		
