frame.number	ip.src	tcp.srcport	ip.dst	tcp.dstport
5	192.168.1.3	39684	140.82.121.3	443
6	140.82.121.3	443	192.168.1.3	39684
7	192.168.1.3	39684	140.82.121.3	443
8	192.168.1.3	39684	140.82.121.3	443
9	140.82.121.3	443	192.168.1.3	39684
10	192.168.1.3	39684	140.82.121.3	443
11	192.168.1.3	39684	140.82.121.3	443
12	140.82.121.3	443	192.168.1.3	39684
13	192.168.1.3	39684	140.82.121.3	443
14	140.82.121.3	443	192.168.1.3	39684
15	140.82.121.3	443	192.168.1.3	39684
16	192.168.1.3	39684	140.82.121.3	443
17	192.168.1.3	39684	140.82.121.3	443
18	140.82.121.3	443	192.168.1.3	39684
19	140.82.121.3	443	192.168.1.3	39684
20	140.82.121.3	443	192.168.1.3	39684
21	140.82.121.3	443	192.168.1.3	39684
22	192.168.1.3	39684	140.82.121.3	443
23	192.168.1.3	39684	140.82.121.3	443
24	192.168.1.3	39684	140.82.121.3	443
29	192.168.1.3	54082	185.199.110.133	443
30	185.199.110.133	443	192.168.1.3	54082
31	192.168.1.3	54082	185.199.110.133	443
32	192.168.1.3	54082	185.199.110.133	443
33	185.199.110.133	443	192.168.1.3	54082
34	185.199.110.133	443	192.168.1.3	54082
35	185.199.110.133	443	192.168.1.3	54082
36	185.199.110.133	443	192.168.1.3	54082
37	192.168.1.3	54082	185.199.110.133	443
38	192.168.1.3	54082	185.199.110.133	443
39	192.168.1.3	54082	185.199.110.133	443
40	192.168.1.3	54082	185.199.110.133	443
41	185.199.110.133	443	192.168.1.3	54082
42	185.199.110.133	443	192.168.1.3	54082
43	192.168.1.3	54082	185.199.110.133	443
44	185.199.110.133	443	192.168.1.3	54082
45	185.199.110.133	443	192.168.1.3	54082
46	185.199.110.133	443	192.168.1.3	54082
47	192.168.1.3	54082	185.199.110.133	443
48	192.168.1.3	54082	185.199.110.133	443
49	192.168.1.3	39684	140.82.121.3	443
50	185.199.110.133	443	192.168.1.3	54082
51	185.199.110.133	443	192.168.1.3	54082
52	185.199.110.133	443	192.168.1.3	54082
53	185.199.110.133	443	192.168.1.3	54082
54	192.168.1.3	54082	185.199.110.133	443
55	192.168.1.3	54082	185.199.110.133	443
56	185.199.110.133	443	192.168.1.3	54082
57	192.168.1.3	54082	185.199.110.133	443
58	192.168.1.3	54082	185.199.110.133	443
59	185.199.110.133	443	192.168.1.3	54082
60	185.199.110.133	443	192.168.1.3	54082
61	185.199.110.133	443	192.168.1.3	54082
62	192.168.1.3	54082	185.199.110.133	443
63	192.168.1.3	54082	185.199.110.133	443
64	192.168.1.3	54082	185.199.110.133	443
65	192.168.1.3	54082	185.199.110.133	443
66	185.199.110.133	443	192.168.1.3	54082
67	185.199.110.133	443	192.168.1.3	54082
68	192.168.1.3	54082	185.199.110.133	443
69	192.168.1.3	54082	185.199.110.133	443
70	185.199.110.133	443	192.168.1.3	54082
71	185.199.110.133	443	192.168.1.3	54082
72	185.199.110.133	443	192.168.1.3	54082
73	185.199.110.133	443	192.168.1.3	54082
74	185.199.110.133	443	192.168.1.3	54082
75	185.199.110.133	443	192.168.1.3	54082
76	192.168.1.3	54082	185.199.110.133	443
77	192.168.1.3	54082	185.199.110.133	443
78	192.168.1.3	54082	185.199.110.133	443
79	192.168.1.3	54082	185.199.110.133	443
80	192.168.1.3	54082	185.199.110.133	443
81	185.199.110.133	443	192.168.1.3	54082
82	185.199.110.133	443	192.168.1.3	54082
83	192.168.1.3	54082	185.199.110.133	443
84	185.199.110.133	443	192.168.1.3	54082
85	192.168.1.3	54082	185.199.110.133	443
86	185.199.110.133	443	192.168.1.3	54082
87	185.199.110.133	443	192.168.1.3	54082
88	185.199.110.133	443	192.168.1.3	54082
89	185.199.110.133	443	192.168.1.3	54082
90	185.199.110.133	443	192.168.1.3	54082
91	192.168.1.3	54082	185.199.110.133	443
92	192.168.1.3	54082	185.199.110.133	443
93	192.168.1.3	54082	185.199.110.133	443
94	192.168.1.3	54082	185.199.110.133	443
95	192.168.1.3	54082	185.199.110.133	443
96	185.199.110.133	443	192.168.1.3	54082
97	185.199.110.133	443	192.168.1.3	54082
98	185.199.110.133	443	192.168.1.3	54082
99	185.199.110.133	443	192.168.1.3	54082
100	192.168.1.3	54082	185.199.110.133	443
101	192.168.1.3	54082	185.199.110.133	443
102	192.168.1.3	54082	185.199.110.133	443
103	192.168.1.3	54082	185.199.110.133	443
104	185.199.110.133	443	192.168.1.3	54082
105	192.168.1.3	54082	185.199.110.133	443
106	185.199.110.133	443	192.168.1.3	54082
107	185.199.110.133	443	192.168.1.3	54082
108	192.168.1.3	54082	185.199.110.133	443
109	192.168.1.3	54082	185.199.110.133	443
110	185.199.110.133	443	192.168.1.3	54082
111	192.168.1.3	54082	185.199.110.133	443
112	185.199.110.133	443	192.168.1.3	54082
113	185.199.110.133	443	192.168.1.3	54082
114	192.168.1.3	54082	185.199.110.133	443
115	192.168.1.3	54082	185.199.110.133	443
116	185.199.110.133	443	192.168.1.3	54082
117	185.199.110.133	443	192.168.1.3	54082
118	192.168.1.3	54082	185.199.110.133	443
119	192.168.1.3	54082	185.199.110.133	443
120	185.199.110.133	443	192.168.1.3	54082
121	185.199.110.133	443	192.168.1.3	54082
122	185.199.110.133	443	192.168.1.3	54082
123	185.199.110.133	443	192.168.1.3	54082
124	185.199.110.133	443	192.168.1.3	54082
125	140.82.121.3	443	192.168.1.3	39684
126	192.168.1.3	54082	185.199.110.133	443
127	192.168.1.3	54082	185.199.110.133	443
128	192.168.1.3	54082	185.199.110.133	443
129	192.168.1.3	54082	185.199.110.133	443
130	192.168.1.3	54082	185.199.110.133	443
131	192.168.1.3	39684	140.82.121.3	443
132	185.199.110.133	443	192.168.1.3	54082
133	185.199.110.133	443	192.168.1.3	54082
134	192.168.1.3	54082	185.199.110.133	443
135	192.168.1.3	54082	185.199.110.133	443
136	185.199.110.133	443	192.168.1.3	54082
137	185.199.110.133	443	192.168.1.3	54082
138	185.199.110.133	443	192.168.1.3	54082
139	192.168.1.3	54082	185.199.110.133	443
140	192.168.1.3	54082	185.199.110.133	443
141	192.168.1.3	54082	185.199.110.133	443
142	185.199.110.133	443	192.168.1.3	54082
143	185.199.110.133	443	192.168.1.3	54082
144	185.199.110.133	443	192.168.1.3	54082
145	185.199.110.133	443	192.168.1.3	54082
146	192.168.1.3	54082	185.199.110.133	443
147	192.168.1.3	54082	185.199.110.133	443
148	192.168.1.3	54082	185.199.110.133	443
149	192.168.1.3	54082	185.199.110.133	443
150	185.199.110.133	443	192.168.1.3	54082
151	192.168.1.3	54082	185.199.110.133	443
152	185.199.110.133	443	192.168.1.3	54082
153	185.199.110.133	443	192.168.1.3	54082
154	185.199.110.133	443	192.168.1.3	54082
155	192.168.1.3	54082	185.199.110.133	443
156	192.168.1.3	54082	185.199.110.133	443
157	192.168.1.3	54082	185.199.110.133	443
158	185.199.110.133	443	192.168.1.3	54082
159	185.199.110.133	443	192.168.1.3	54082
160	185.199.110.133	443	192.168.1.3	54082
161	192.168.1.3	54082	185.199.110.133	443
162	192.168.1.3	54082	185.199.110.133	443
163	192.168.1.3	54082	185.199.110.133	443
164	185.199.110.133	443	192.168.1.3	54082
165	185.199.110.133	443	192.168.1.3	54082
166	192.168.1.3	54082	185.199.110.133	443
167	192.168.1.3	54082	185.199.110.133	443
168	185.199.110.133	443	192.168.1.3	54082
169	185.199.110.133	443	192.168.1.3	54082
170	185.199.110.133	443	192.168.1.3	54082
171	185.199.110.133	443	192.168.1.3	54082
172	185.199.110.133	443	192.168.1.3	54082
173	192.168.1.3	54082	185.199.110.133	443
174	192.168.1.3	54082	185.199.110.133	443
175	192.168.1.3	54082	185.199.110.133	443
176	192.168.1.3	54082	185.199.110.133	443
177	192.168.1.3	54082	185.199.110.133	443
178	185.199.110.133	443	192.168.1.3	54082
179	185.199.110.133	443	192.168.1.3	54082
180	185.199.110.133	443	192.168.1.3	54082
181	192.168.1.3	54082	185.199.110.133	443
182	192.168.1.3	54082	185.199.110.133	443
183	192.168.1.3	54082	185.199.110.133	443
184	185.199.110.133	443	192.168.1.3	54082
185	185.199.110.133	443	192.168.1.3	54082
186	185.199.110.133	443	192.168.1.3	54082
187	192.168.1.3	54082	185.199.110.133	443
188	192.168.1.3	54082	185.199.110.133	443
189	192.168.1.3	54082	185.199.110.133	443
190	185.199.110.133	443	192.168.1.3	54082
191	185.199.110.133	443	192.168.1.3	54082
192	192.168.1.3	54082	185.199.110.133	443
193	185.199.110.133	443	192.168.1.3	54082
194	192.168.1.3	54082	185.199.110.133	443
195	185.199.110.133	443	192.168.1.3	54082
196	192.168.1.3	54082	185.199.110.133	443
197	192.168.1.3	54082	185.199.110.133	443
198	185.199.110.133	443	192.168.1.3	54082
199	185.199.110.133	443	192.168.1.3	54082
200	185.199.110.133	443	192.168.1.3	54082
201	185.199.110.133	443	192.168.1.3	54082
202	192.168.1.3	54082	185.199.110.133	443
203	185.199.110.133	443	192.168.1.3	54082
204	185.199.110.133	443	192.168.1.3	54082
205	192.168.1.3	54082	185.199.110.133	443
206	192.168.1.3	54082	185.199.110.133	443
207	192.168.1.3	54082	185.199.110.133	443
208	192.168.1.3	54082	185.199.110.133	443
209	192.168.1.3	54082	185.199.110.133	443
210	185.199.110.133	443	192.168.1.3	54082
211	192.168.1.3	54082	185.199.110.133	443
212	185.199.110.133	443	192.168.1.3	54082
213	185.199.110.133	443	192.168.1.3	54082
214	192.168.1.3	54082	185.199.110.133	443
215	192.168.1.3	54082	185.199.110.133	443
216	185.199.110.133	443	192.168.1.3	54082
217	185.199.110.133	443	192.168.1.3	54082
218	192.168.1.3	54082	185.199.110.133	443
219	192.168.1.3	54082	185.199.110.133	443
220	185.199.110.133	443	192.168.1.3	54082
221	192.168.1.3	54082	185.199.110.133	443
222	185.199.110.133	443	192.168.1.3	54082
223	192.168.1.3	54082	185.199.110.133	443
224	185.199.110.133	443	192.168.1.3	54082
225	185.199.110.133	443	192.168.1.3	54082
226	185.199.110.133	443	192.168.1.3	54082
227	192.168.1.3	54082	185.199.110.133	443
228	192.168.1.3	54082	185.199.110.133	443
229	192.168.1.3	54082	185.199.110.133	443
230	185.199.110.133	443	192.168.1.3	54082
231	185.199.110.133	443	192.168.1.3	54082
232	192.168.1.3	54082	185.199.110.133	443
233	192.168.1.3	54082	185.199.110.133	443
234	185.199.110.133	443	192.168.1.3	54082
235	185.199.110.133	443	192.168.1.3	54082
236	185.199.110.133	443	192.168.1.3	54082
237	192.168.1.3	54082	185.199.110.133	443
238	192.168.1.3	54082	185.199.110.133	443
239	185.199.110.133	443	192.168.1.3	54082
240	185.199.110.133	443	192.168.1.3	54082
241	192.168.1.3	54082	185.199.110.133	443
242	192.168.1.3	54082	185.199.110.133	443
243	185.199.110.133	443	192.168.1.3	54082
244	192.168.1.3	54082	185.199.110.133	443
245	185.199.110.133	443	192.168.1.3	54082
246	192.168.1.3	54082	185.199.110.133	443
247	185.199.110.133	443	192.168.1.3	54082
248	185.199.110.133	443	192.168.1.3	54082
249	185.199.110.133	443	192.168.1.3	54082
250	192.168.1.3	54082	185.199.110.133	443
251	185.199.110.133	443	192.168.1.3	54082
252	185.199.110.133	443	192.168.1.3	54082
253	185.199.110.133	443	192.168.1.3	54082
254	192.168.1.3	54082	185.199.110.133	443
255	192.168.1.3	54082	185.199.110.133	443
256	185.199.110.133	443	192.168.1.3	54082
257	185.199.110.133	443	192.168.1.3	54082
258	192.168.1.3	54082	185.199.110.133	443
259	185.199.110.133	443	192.168.1.3	54082
260	185.199.110.133	443	192.168.1.3	54082
261	185.199.110.133	443	192.168.1.3	54082
262	192.168.1.3	54082	185.199.110.133	443
263	192.168.1.3	54082	185.199.110.133	443
264	185.199.110.133	443	192.168.1.3	54082
265	192.168.1.3	54082	185.199.110.133	443
266	185.199.110.133	443	192.168.1.3	54082
267	185.199.110.133	443	192.168.1.3	54082
268	185.199.110.133	443	192.168.1.3	54082
269	192.168.1.3	54082	185.199.110.133	443
270	185.199.110.133	443	192.168.1.3	54082
271	192.168.1.3	54082	185.199.110.133	443
272	185.199.110.133	443	192.168.1.3	54082
273	185.199.110.133	443	192.168.1.3	54082
274	185.199.110.133	443	192.168.1.3	54082
275	185.199.110.133	443	192.168.1.3	54082
276	185.199.110.133	443	192.168.1.3	54082
277	185.199.110.133	443	192.168.1.3	54082
278	185.199.110.133	443	192.168.1.3	54082
279	192.168.1.3	54082	185.199.110.133	443
280	185.199.110.133	443	192.168.1.3	54082
281	192.168.1.3	54082	185.199.110.133	443
282	185.199.110.133	443	192.168.1.3	54082
283	185.199.110.133	443	192.168.1.3	54082
284	185.199.110.133	443	192.168.1.3	54082
285	185.199.110.133	443	192.168.1.3	54082
286	192.168.1.3	54082	185.199.110.133	443
287	185.199.110.133	443	192.168.1.3	54082
288	185.199.110.133	443	192.168.1.3	54082
289	185.199.110.133	443	192.168.1.3	54082
290	185.199.110.133	443	192.168.1.3	54082
291	192.168.1.3	54082	185.199.110.133	443
292	192.168.1.3	54082	185.199.110.133	443
293	185.199.110.133	443	192.168.1.3	54082
294	185.199.110.133	443	192.168.1.3	54082
295	185.199.110.133	443	192.168.1.3	54082
296	185.199.110.133	443	192.168.1.3	54082
297	192.168.1.3	54082	185.199.110.133	443
298	192.168.1.3	54082	185.199.110.133	443
299	192.168.1.3	54082	185.199.110.133	443
300	192.168.1.3	54082	185.199.110.133	443
301	185.199.110.133	443	192.168.1.3	54082
302	185.199.110.133	443	192.168.1.3	54082
303	185.199.110.133	443	192.168.1.3	54082
304	185.199.110.133	443	192.168.1.3	54082
305	185.199.110.133	443	192.168.1.3	54082
306	192.168.1.3	54082	185.199.110.133	443
307	192.168.1.3	54082	185.199.110.133	443
308	192.168.1.3	54082	185.199.110.133	443
309	192.168.1.3	54082	185.199.110.133	443
310	192.168.1.3	54082	185.199.110.133	443
311	185.199.110.133	443	192.168.1.3	54082
312	185.199.110.133	443	192.168.1.3	54082
313	185.199.110.133	443	192.168.1.3	54082
314	192.168.1.3	54082	185.199.110.133	443
315	192.168.1.3	54082	185.199.110.133	443
316	192.168.1.3	54082	185.199.110.133	443
317	185.199.110.133	443	192.168.1.3	54082
318	185.199.110.133	443	192.168.1.3	54082
319	192.168.1.3	54082	185.199.110.133	443
320	192.168.1.3	54082	185.199.110.133	443
321	185.199.110.133	443	192.168.1.3	54082
322	192.168.1.3	54082	185.199.110.133	443
323	185.199.110.133	443	192.168.1.3	54082
324	185.199.110.133	443	192.168.1.3	54082
325	185.199.110.133	443	192.168.1.3	54082
326	185.199.110.133	443	192.168.1.3	54082
327	192.168.1.3	54082	185.199.110.133	443
328	192.168.1.3	54082	185.199.110.133	443
329	192.168.1.3	54082	185.199.110.133	443
330	192.168.1.3	54082	185.199.110.133	443
331	185.199.110.133	443	192.168.1.3	54082
332	192.168.1.3	54082	185.199.110.133	443
333	185.199.110.133	443	192.168.1.3	54082
334	185.199.110.133	443	192.168.1.3	54082
335	185.199.110.133	443	192.168.1.3	54082
336	185.199.110.133	443	192.168.1.3	54082
337	185.199.110.133	443	192.168.1.3	54082
338	192.168.1.3	54082	185.199.110.133	443
339	192.168.1.3	54082	185.199.110.133	443
340	192.168.1.3	54082	185.199.110.133	443
341	192.168.1.3	54082	185.199.110.133	443
342	192.168.1.3	54082	185.199.110.133	443
343	185.199.110.133	443	192.168.1.3	54082
344	185.199.110.133	443	192.168.1.3	54082
345	185.199.110.133	443	192.168.1.3	54082
346	192.168.1.3	54082	185.199.110.133	443
347	192.168.1.3	54082	185.199.110.133	443
348	192.168.1.3	54082	185.199.110.133	443
349	185.199.110.133	443	192.168.1.3	54082
350	185.199.110.133	443	192.168.1.3	54082
351	185.199.110.133	443	192.168.1.3	54082
352	185.199.110.133	443	192.168.1.3	54082
353	192.168.1.3	54082	185.199.110.133	443
354	192.168.1.3	54082	185.199.110.133	443
355	192.168.1.3	54082	185.199.110.133	443
356	192.168.1.3	54082	185.199.110.133	443
357	185.199.110.133	443	192.168.1.3	54082
358	185.199.110.133	443	192.168.1.3	54082
359	185.199.110.133	443	192.168.1.3	54082
360	185.199.110.133	443	192.168.1.3	54082
361	185.199.110.133	443	192.168.1.3	54082
362	192.168.1.3	54082	185.199.110.133	443
363	192.168.1.3	54082	185.199.110.133	443
364	192.168.1.3	54082	185.199.110.133	443
365	192.168.1.3	54082	185.199.110.133	443
366	192.168.1.3	54082	185.199.110.133	443
367	185.199.110.133	443	192.168.1.3	54082
368	185.199.110.133	443	192.168.1.3	54082
369	185.199.110.133	443	192.168.1.3	54082
370	185.199.110.133	443	192.168.1.3	54082
371	185.199.110.133	443	192.168.1.3	54082
372	185.199.110.133	443	192.168.1.3	54082
373	185.199.110.133	443	192.168.1.3	54082
374	185.199.110.133	443	192.168.1.3	54082
375	185.199.110.133	443	192.168.1.3	54082
376	192.168.1.3	54082	185.199.110.133	443
377	192.168.1.3	54082	185.199.110.133	443
378	192.168.1.3	54082	185.199.110.133	443
379	192.168.1.3	54082	185.199.110.133	443
380	192.168.1.3	54082	185.199.110.133	443
381	192.168.1.3	54082	185.199.110.133	443
382	192.168.1.3	54082	185.199.110.133	443
383	192.168.1.3	54082	185.199.110.133	443
384	192.168.1.3	54082	185.199.110.133	443
385	185.199.110.133	443	192.168.1.3	54082
386	185.199.110.133	443	192.168.1.3	54082
387	185.199.110.133	443	192.168.1.3	54082
388	192.168.1.3	54082	185.199.110.133	443
389	192.168.1.3	54082	185.199.110.133	443
390	192.168.1.3	54082	185.199.110.133	443
391	185.199.110.133	443	192.168.1.3	54082
392	185.199.110.133	443	192.168.1.3	54082
393	185.199.110.133	443	192.168.1.3	54082
394	185.199.110.133	443	192.168.1.3	54082
395	185.199.110.133	443	192.168.1.3	54082
396	192.168.1.3	54082	185.199.110.133	443
397	192.168.1.3	54082	185.199.110.133	443
398	192.168.1.3	54082	185.199.110.133	443
399	192.168.1.3	54082	185.199.110.133	443
400	192.168.1.3	54082	185.199.110.133	443
401	185.199.110.133	443	192.168.1.3	54082
402	185.199.110.133	443	192.168.1.3	54082
403	185.199.110.133	443	192.168.1.3	54082
404	185.199.110.133	443	192.168.1.3	54082
405	185.199.110.133	443	192.168.1.3	54082
406	185.199.110.133	443	192.168.1.3	54082
407	185.199.110.133	443	192.168.1.3	54082
408	185.199.110.133	443	192.168.1.3	54082
409	185.199.110.133	443	192.168.1.3	54082
410	192.168.1.3	54082	185.199.110.133	443
411	192.168.1.3	54082	185.199.110.133	443
412	192.168.1.3	54082	185.199.110.133	443
413	192.168.1.3	54082	185.199.110.133	443
414	192.168.1.3	54082	185.199.110.133	443
415	192.168.1.3	54082	185.199.110.133	443
416	192.168.1.3	54082	185.199.110.133	443
417	192.168.1.3	54082	185.199.110.133	443
418	192.168.1.3	54082	185.199.110.133	443
419	185.199.110.133	443	192.168.1.3	54082
420	185.199.110.133	443	192.168.1.3	54082
421	185.199.110.133	443	192.168.1.3	54082
422	185.199.110.133	443	192.168.1.3	54082
423	185.199.110.133	443	192.168.1.3	54082
424	185.199.110.133	443	192.168.1.3	54082
425	192.168.1.3	54082	185.199.110.133	443
426	192.168.1.3	54082	185.199.110.133	443
427	192.168.1.3	54082	185.199.110.133	443
428	192.168.1.3	54082	185.199.110.133	443
429	192.168.1.3	54082	185.199.110.133	443
430	192.168.1.3	54082	185.199.110.133	443
431	185.199.110.133	443	192.168.1.3	54082
432	185.199.110.133	443	192.168.1.3	54082
433	185.199.110.133	443	192.168.1.3	54082
434	192.168.1.3	54082	185.199.110.133	443
435	192.168.1.3	54082	185.199.110.133	443
436	192.168.1.3	54082	185.199.110.133	443
437	185.199.110.133	443	192.168.1.3	54082
438	185.199.110.133	443	192.168.1.3	54082
439	185.199.110.133	443	192.168.1.3	54082
440	192.168.1.3	54082	185.199.110.133	443
441	192.168.1.3	54082	185.199.110.133	443
442	192.168.1.3	54082	185.199.110.133	443
443	185.199.110.133	443	192.168.1.3	54082
444	185.199.110.133	443	192.168.1.3	54082
445	185.199.110.133	443	192.168.1.3	54082
446	185.199.110.133	443	192.168.1.3	54082
447	185.199.110.133	443	192.168.1.3	54082
448	185.199.110.133	443	192.168.1.3	54082
449	185.199.110.133	443	192.168.1.3	54082
450	192.168.1.3	54082	185.199.110.133	443
451	192.168.1.3	54082	185.199.110.133	443
452	192.168.1.3	54082	185.199.110.133	443
453	192.168.1.3	54082	185.199.110.133	443
454	192.168.1.3	54082	185.199.110.133	443
455	192.168.1.3	54082	185.199.110.133	443
456	192.168.1.3	54082	185.199.110.133	443
457	185.199.110.133	443	192.168.1.3	54082
458	185.199.110.133	443	192.168.1.3	54082
459	185.199.110.133	443	192.168.1.3	54082
460	185.199.110.133	443	192.168.1.3	54082
461	185.199.110.133	443	192.168.1.3	54082
462	185.199.110.133	443	192.168.1.3	54082
463	185.199.110.133	443	192.168.1.3	54082
464	185.199.110.133	443	192.168.1.3	54082
465	192.168.1.3	54082	185.199.110.133	443
466	192.168.1.3	54082	185.199.110.133	443
467	192.168.1.3	54082	185.199.110.133	443
468	192.168.1.3	54082	185.199.110.133	443
469	192.168.1.3	54082	185.199.110.133	443
470	192.168.1.3	54082	185.199.110.133	443
471	192.168.1.3	54082	185.199.110.133	443
472	192.168.1.3	54082	185.199.110.133	443
473	185.199.110.133	443	192.168.1.3	54082
474	185.199.110.133	443	192.168.1.3	54082
475	185.199.110.133	443	192.168.1.3	54082
476	192.168.1.3	54082	185.199.110.133	443
477	192.168.1.3	54082	185.199.110.133	443
478	192.168.1.3	54082	185.199.110.133	443
479	185.199.110.133	443	192.168.1.3	54082
480	185.199.110.133	443	192.168.1.3	54082
481	192.168.1.3	54082	185.199.110.133	443
482	192.168.1.3	54082	185.199.110.133	443
483	185.199.110.133	443	192.168.1.3	54082
484	185.199.110.133	443	192.168.1.3	54082
485	185.199.110.133	443	192.168.1.3	54082
486	185.199.110.133	443	192.168.1.3	54082
487	185.199.110.133	443	192.168.1.3	54082
488	185.199.110.133	443	192.168.1.3	54082
489	192.168.1.3	54082	185.199.110.133	443
490	192.168.1.3	54082	185.199.110.133	443
491	192.168.1.3	54082	185.199.110.133	443
492	192.168.1.3	54082	185.199.110.133	443
493	192.168.1.3	54082	185.199.110.133	443
494	192.168.1.3	54082	185.199.110.133	443
495	185.199.110.133	443	192.168.1.3	54082
496	185.199.110.133	443	192.168.1.3	54082
497	185.199.110.133	443	192.168.1.3	54082
498	192.168.1.3	54082	185.199.110.133	443
499	192.168.1.3	54082	185.199.110.133	443
500	192.168.1.3	54082	185.199.110.133	443
501	185.199.110.133	443	192.168.1.3	54082
502	185.199.110.133	443	192.168.1.3	54082
503	185.199.110.133	443	192.168.1.3	54082
504	185.199.110.133	443	192.168.1.3	54082
505	185.199.110.133	443	192.168.1.3	54082
506	185.199.110.133	443	192.168.1.3	54082
507	185.199.110.133	443	192.168.1.3	54082
508	192.168.1.3	54082	185.199.110.133	443
509	192.168.1.3	54082	185.199.110.133	443
510	192.168.1.3	54082	185.199.110.133	443
511	192.168.1.3	54082	185.199.110.133	443
512	192.168.1.3	54082	185.199.110.133	443
513	192.168.1.3	54082	185.199.110.133	443
514	192.168.1.3	54082	185.199.110.133	443
515	185.199.110.133	443	192.168.1.3	54082
516	185.199.110.133	443	192.168.1.3	54082
517	185.199.110.133	443	192.168.1.3	54082
518	192.168.1.3	54082	185.199.110.133	443
519	192.168.1.3	54082	185.199.110.133	443
520	192.168.1.3	54082	185.199.110.133	443
521	185.199.110.133	443	192.168.1.3	54082
522	185.199.110.133	443	192.168.1.3	54082
523	185.199.110.133	443	192.168.1.3	54082
524	192.168.1.3	54082	185.199.110.133	443
525	192.168.1.3	54082	185.199.110.133	443
526	192.168.1.3	54082	185.199.110.133	443
527	185.199.110.133	443	192.168.1.3	54082
528	185.199.110.133	443	192.168.1.3	54082
529	185.199.110.133	443	192.168.1.3	54082
530	185.199.110.133	443	192.168.1.3	54082
531	185.199.110.133	443	192.168.1.3	54082
532	185.199.110.133	443	192.168.1.3	54082
533	192.168.1.3	54082	185.199.110.133	443
534	192.168.1.3	54082	185.199.110.133	443
535	192.168.1.3	54082	185.199.110.133	443
536	192.168.1.3	54082	185.199.110.133	443
537	192.168.1.3	54082	185.199.110.133	443
538	192.168.1.3	54082	185.199.110.133	443
539	185.199.110.133	443	192.168.1.3	54082
540	185.199.110.133	443	192.168.1.3	54082
541	185.199.110.133	443	192.168.1.3	54082
542	185.199.110.133	443	192.168.1.3	54082
543	192.168.1.3	54082	185.199.110.133	443
544	192.168.1.3	54082	185.199.110.133	443
545	192.168.1.3	54082	185.199.110.133	443
546	192.168.1.3	54082	185.199.110.133	443
547	185.199.110.133	443	192.168.1.3	54082
548	185.199.110.133	443	192.168.1.3	54082
549	185.199.110.133	443	192.168.1.3	54082
550	185.199.110.133	443	192.168.1.3	54082
551	185.199.110.133	443	192.168.1.3	54082
552	185.199.110.133	443	192.168.1.3	54082
553	185.199.110.133	443	192.168.1.3	54082
554	185.199.110.133	443	192.168.1.3	54082
555	185.199.110.133	443	192.168.1.3	54082
556	185.199.110.133	443	192.168.1.3	54082
557	185.199.110.133	443	192.168.1.3	54082
558	185.199.110.133	443	192.168.1.3	54082
559	185.199.110.133	443	192.168.1.3	54082
560	185.199.110.133	443	192.168.1.3	54082
561	185.199.110.133	443	192.168.1.3	54082
562	185.199.110.133	443	192.168.1.3	54082
563	185.199.110.133	443	192.168.1.3	54082
564	185.199.110.133	443	192.168.1.3	54082
565	185.199.110.133	443	192.168.1.3	54082
566	192.168.1.3	54082	185.199.110.133	443
567	192.168.1.3	54082	185.199.110.133	443
568	192.168.1.3	54082	185.199.110.133	443
569	192.168.1.3	54082	185.199.110.133	443
570	192.168.1.3	54082	185.199.110.133	443
571	192.168.1.3	54082	185.199.110.133	443
572	192.168.1.3	54082	185.199.110.133	443
573	192.168.1.3	54082	185.199.110.133	443
574	192.168.1.3	54082	185.199.110.133	443
575	192.168.1.3	54082	185.199.110.133	443
576	192.168.1.3	54082	185.199.110.133	443
577	192.168.1.3	54082	185.199.110.133	443
578	192.168.1.3	54082	185.199.110.133	443
579	192.168.1.3	54082	185.199.110.133	443
580	192.168.1.3	54082	185.199.110.133	443
581	192.168.1.3	54082	185.199.110.133	443
582	192.168.1.3	54082	185.199.110.133	443
583	192.168.1.3	54082	185.199.110.133	443
584	192.168.1.3	54082	185.199.110.133	443
585	185.199.110.133	443	192.168.1.3	54082
586	185.199.110.133	443	192.168.1.3	54082
587	192.168.1.3	54082	185.199.110.133	443
588	192.168.1.3	54082	185.199.110.133	443
589	185.199.110.133	443	192.168.1.3	54082
590	185.199.110.133	443	192.168.1.3	54082
591	185.199.110.133	443	192.168.1.3	54082
592	185.199.110.133	443	192.168.1.3	54082
593	185.199.110.133	443	192.168.1.3	54082
594	185.199.110.133	443	192.168.1.3	54082
595	192.168.1.3	54082	185.199.110.133	443
596	192.168.1.3	54082	185.199.110.133	443
597	192.168.1.3	54082	185.199.110.133	443
598	192.168.1.3	54082	185.199.110.133	443
599	192.168.1.3	54082	185.199.110.133	443
600	192.168.1.3	54082	185.199.110.133	443
601	185.199.110.133	443	192.168.1.3	54082
602	185.199.110.133	443	192.168.1.3	54082
603	185.199.110.133	443	192.168.1.3	54082
604	185.199.110.133	443	192.168.1.3	54082
605	185.199.110.133	443	192.168.1.3	54082
606	185.199.110.133	443	192.168.1.3	54082
607	185.199.110.133	443	192.168.1.3	54082
608	185.199.110.133	443	192.168.1.3	54082
609	185.199.110.133	443	192.168.1.3	54082
610	185.199.110.133	443	192.168.1.3	54082
611	185.199.110.133	443	192.168.1.3	54082
612	185.199.110.133	443	192.168.1.3	54082
613	185.199.110.133	443	192.168.1.3	54082
614	185.199.110.133	443	192.168.1.3	54082
615	185.199.110.133	443	192.168.1.3	54082
616	185.199.110.133	443	192.168.1.3	54082
617	185.199.110.133	443	192.168.1.3	54082
618	185.199.110.133	443	192.168.1.3	54082
619	185.199.110.133	443	192.168.1.3	54082
620	185.199.110.133	443	192.168.1.3	54082
621	185.199.110.133	443	192.168.1.3	54082
622	185.199.110.133	443	192.168.1.3	54082
623	185.199.110.133	443	192.168.1.3	54082
624	185.199.110.133	443	192.168.1.3	54082
625	185.199.110.133	443	192.168.1.3	54082
626	185.199.110.133	443	192.168.1.3	54082
627	185.199.110.133	443	192.168.1.3	54082
628	185.199.110.133	443	192.168.1.3	54082
629	185.199.110.133	443	192.168.1.3	54082
630	185.199.110.133	443	192.168.1.3	54082
631	185.199.110.133	443	192.168.1.3	54082
632	192.168.1.3	54082	185.199.110.133	443
633	192.168.1.3	54082	185.199.110.133	443
634	192.168.1.3	54082	185.199.110.133	443
635	192.168.1.3	54082	185.199.110.133	443
636	192.168.1.3	54082	185.199.110.133	443
637	192.168.1.3	54082	185.199.110.133	443
638	192.168.1.3	54082	185.199.110.133	443
639	192.168.1.3	54082	185.199.110.133	443
640	192.168.1.3	54082	185.199.110.133	443
641	192.168.1.3	54082	185.199.110.133	443
642	192.168.1.3	54082	185.199.110.133	443
643	192.168.1.3	54082	185.199.110.133	443
644	192.168.1.3	54082	185.199.110.133	443
645	192.168.1.3	54082	185.199.110.133	443
646	192.168.1.3	54082	185.199.110.133	443
647	192.168.1.3	54082	185.199.110.133	443
648	192.168.1.3	54082	185.199.110.133	443
649	192.168.1.3	54082	185.199.110.133	443
650	192.168.1.3	54082	185.199.110.133	443
651	192.168.1.3	54082	185.199.110.133	443
652	192.168.1.3	54082	185.199.110.133	443
653	192.168.1.3	54082	185.199.110.133	443
654	192.168.1.3	54082	185.199.110.133	443
655	192.168.1.3	54082	185.199.110.133	443
656	192.168.1.3	54082	185.199.110.133	443
657	192.168.1.3	54082	185.199.110.133	443
658	192.168.1.3	54082	185.199.110.133	443
659	192.168.1.3	54082	185.199.110.133	443
660	192.168.1.3	54082	185.199.110.133	443
661	192.168.1.3	54082	185.199.110.133	443
662	192.168.1.3	54082	185.199.110.133	443
663	185.199.110.133	443	192.168.1.3	54082
664	192.168.1.3	54082	185.199.110.133	443
665	185.199.110.133	443	192.168.1.3	54082
666	185.199.110.133	443	192.168.1.3	54082
667	192.168.1.3	54082	185.199.110.133	443
668	185.199.110.133	443	192.168.1.3	54082
669	185.199.110.133	443	192.168.1.3	54082
670	185.199.110.133	443	192.168.1.3	54082
671	185.199.110.133	443	192.168.1.3	54082
672	185.199.110.133	443	192.168.1.3	54082
673	185.199.110.133	443	192.168.1.3	54082
674	185.199.110.133	443	192.168.1.3	54082
675	185.199.110.133	443	192.168.1.3	54082
676	185.199.110.133	443	192.168.1.3	54082
677	185.199.110.133	443	192.168.1.3	54082
678	185.199.110.133	443	192.168.1.3	54082
679	185.199.110.133	443	192.168.1.3	54082
680	185.199.110.133	443	192.168.1.3	54082
681	185.199.110.133	443	192.168.1.3	54082
682	192.168.1.3	54082	185.199.110.133	443
683	185.199.110.133	443	192.168.1.3	54082
684	185.199.110.133	443	192.168.1.3	54082
685	185.199.110.133	443	192.168.1.3	54082
686	192.168.1.3	54082	185.199.110.133	443
687	185.199.110.133	443	192.168.1.3	54082
688	185.199.110.133	443	192.168.1.3	54082
689	185.199.110.133	443	192.168.1.3	54082
690	185.199.110.133	443	192.168.1.3	54082
691	185.199.110.133	443	192.168.1.3	54082
692	185.199.110.133	443	192.168.1.3	54082
693	185.199.110.133	443	192.168.1.3	54082
694	192.168.1.3	54082	185.199.110.133	443
695	185.199.110.133	443	192.168.1.3	54082
696	185.199.110.133	443	192.168.1.3	54082
697	185.199.110.133	443	192.168.1.3	54082
698	185.199.110.133	443	192.168.1.3	54082
699	185.199.110.133	443	192.168.1.3	54082
700	185.199.110.133	443	192.168.1.3	54082
701	185.199.110.133	443	192.168.1.3	54082
702	185.199.110.133	443	192.168.1.3	54082
703	185.199.110.133	443	192.168.1.3	54082
704	185.199.110.133	443	192.168.1.3	54082
705	185.199.110.133	443	192.168.1.3	54082
706	192.168.1.3	54082	185.199.110.133	443
707	185.199.110.133	443	192.168.1.3	54082
708	185.199.110.133	443	192.168.1.3	54082
709	185.199.110.133	443	192.168.1.3	54082
710	185.199.110.133	443	192.168.1.3	54082
711	192.168.1.3	54082	185.199.110.133	443
712	185.199.110.133	443	192.168.1.3	54082
713	185.199.110.133	443	192.168.1.3	54082
714	185.199.110.133	443	192.168.1.3	54082
715	185.199.110.133	443	192.168.1.3	54082
716	185.199.110.133	443	192.168.1.3	54082
717	185.199.110.133	443	192.168.1.3	54082
718	185.199.110.133	443	192.168.1.3	54082
719	185.199.110.133	443	192.168.1.3	54082
720	192.168.1.3	54082	185.199.110.133	443
721	185.199.110.133	443	192.168.1.3	54082
722	185.199.110.133	443	192.168.1.3	54082
723	185.199.110.133	443	192.168.1.3	54082
724	185.199.110.133	443	192.168.1.3	54082
725	185.199.110.133	443	192.168.1.3	54082
726	185.199.110.133	443	192.168.1.3	54082
727	192.168.1.3	54082	185.199.110.133	443
728	185.199.110.133	443	192.168.1.3	54082
729	192.168.1.3	54082	185.199.110.133	443
730	185.199.110.133	443	192.168.1.3	54082
731	185.199.110.133	443	192.168.1.3	54082
732	185.199.110.133	443	192.168.1.3	54082
733	185.199.110.133	443	192.168.1.3	54082
734	185.199.110.133	443	192.168.1.3	54082
735	185.199.110.133	443	192.168.1.3	54082
736	185.199.110.133	443	192.168.1.3	54082
737	185.199.110.133	443	192.168.1.3	54082
738	185.199.110.133	443	192.168.1.3	54082
739	185.199.110.133	443	192.168.1.3	54082
740	192.168.1.3	54082	185.199.110.133	443
741	192.168.1.3	54082	185.199.110.133	443
742	185.199.110.133	443	192.168.1.3	54082
743	185.199.110.133	443	192.168.1.3	54082
744	185.199.110.133	443	192.168.1.3	54082
745	192.168.1.3	54082	185.199.110.133	443
746	185.199.110.133	443	192.168.1.3	54082
747	185.199.110.133	443	192.168.1.3	54082
748	185.199.110.133	443	192.168.1.3	54082
749	185.199.110.133	443	192.168.1.3	54082
750	185.199.110.133	443	192.168.1.3	54082
751	185.199.110.133	443	192.168.1.3	54082
752	185.199.110.133	443	192.168.1.3	54082
753	192.168.1.3	54082	185.199.110.133	443
754	185.199.110.133	443	192.168.1.3	54082
755	185.199.110.133	443	192.168.1.3	54082
756	185.199.110.133	443	192.168.1.3	54082
757	192.168.1.3	54082	185.199.110.133	443
758	185.199.110.133	443	192.168.1.3	54082
759	185.199.110.133	443	192.168.1.3	54082
760	185.199.110.133	443	192.168.1.3	54082
761	185.199.110.133	443	192.168.1.3	54082
762	185.199.110.133	443	192.168.1.3	54082
763	185.199.110.133	443	192.168.1.3	54082
764	185.199.110.133	443	192.168.1.3	54082
765	185.199.110.133	443	192.168.1.3	54082
766	185.199.110.133	443	192.168.1.3	54082
767	192.168.1.3	54082	185.199.110.133	443
768	185.199.110.133	443	192.168.1.3	54082
769	185.199.110.133	443	192.168.1.3	54082
770	185.199.110.133	443	192.168.1.3	54082
771	185.199.110.133	443	192.168.1.3	54082
772	185.199.110.133	443	192.168.1.3	54082
773	185.199.110.133	443	192.168.1.3	54082
774	192.168.1.3	54082	185.199.110.133	443
775	185.199.110.133	443	192.168.1.3	54082
776	185.199.110.133	443	192.168.1.3	54082
777	185.199.110.133	443	192.168.1.3	54082
778	185.199.110.133	443	192.168.1.3	54082
779	192.168.1.3	54082	185.199.110.133	443
780	185.199.110.133	443	192.168.1.3	54082
781	185.199.110.133	443	192.168.1.3	54082
782	185.199.110.133	443	192.168.1.3	54082
783	185.199.110.133	443	192.168.1.3	54082
784	185.199.110.133	443	192.168.1.3	54082
785	185.199.110.133	443	192.168.1.3	54082
786	185.199.110.133	443	192.168.1.3	54082
787	185.199.110.133	443	192.168.1.3	54082
788	192.168.1.3	54082	185.199.110.133	443
789	185.199.110.133	443	192.168.1.3	54082
790	185.199.110.133	443	192.168.1.3	54082
791	192.168.1.3	54082	185.199.110.133	443
792	185.199.110.133	443	192.168.1.3	54082
793	185.199.110.133	443	192.168.1.3	54082
794	185.199.110.133	443	192.168.1.3	54082
795	185.199.110.133	443	192.168.1.3	54082
796	185.199.110.133	443	192.168.1.3	54082
797	185.199.110.133	443	192.168.1.3	54082
798	185.199.110.133	443	192.168.1.3	54082
799	192.168.1.3	54082	185.199.110.133	443
800	185.199.110.133	443	192.168.1.3	54082
801	185.199.110.133	443	192.168.1.3	54082
802	185.199.110.133	443	192.168.1.3	54082
803	185.199.110.133	443	192.168.1.3	54082
804	185.199.110.133	443	192.168.1.3	54082
805	185.199.110.133	443	192.168.1.3	54082
806	185.199.110.133	443	192.168.1.3	54082
807	185.199.110.133	443	192.168.1.3	54082
808	192.168.1.3	54082	185.199.110.133	443
809	185.199.110.133	443	192.168.1.3	54082
810	185.199.110.133	443	192.168.1.3	54082
811	185.199.110.133	443	192.168.1.3	54082
812	185.199.110.133	443	192.168.1.3	54082
813	185.199.110.133	443	192.168.1.3	54082
814	185.199.110.133	443	192.168.1.3	54082
815	185.199.110.133	443	192.168.1.3	54082
816	185.199.110.133	443	192.168.1.3	54082
817	185.199.110.133	443	192.168.1.3	54082
818	185.199.110.133	443	192.168.1.3	54082
819	185.199.110.133	443	192.168.1.3	54082
820	192.168.1.3	54082	185.199.110.133	443
821	192.168.1.3	54082	185.199.110.133	443
822	192.168.1.3	54082	185.199.110.133	443
823	192.168.1.3	54082	185.199.110.133	443
824	192.168.1.3	54082	185.199.110.133	443
825	192.168.1.3	54082	185.199.110.133	443
826	192.168.1.3	54082	185.199.110.133	443
827	185.199.110.133	443	192.168.1.3	54082
828	192.168.1.3	54082	185.199.110.133	443
829	185.199.110.133	443	192.168.1.3	54082
830	185.199.110.133	443	192.168.1.3	54082
831	185.199.110.133	443	192.168.1.3	54082
832	185.199.110.133	443	192.168.1.3	54082
833	185.199.110.133	443	192.168.1.3	54082
834	185.199.110.133	443	192.168.1.3	54082
835	192.168.1.3	54082	185.199.110.133	443
836	192.168.1.3	54082	185.199.110.133	443
837	192.168.1.3	54082	185.199.110.133	443
838	192.168.1.3	54082	185.199.110.133	443
839	192.168.1.3	54082	185.199.110.133	443
840	192.168.1.3	54082	185.199.110.133	443
841	185.199.110.133	443	192.168.1.3	54082
842	185.199.110.133	443	192.168.1.3	54082
843	185.199.110.133	443	192.168.1.3	54082
844	185.199.110.133	443	192.168.1.3	54082
845	185.199.110.133	443	192.168.1.3	54082
846	185.199.110.133	443	192.168.1.3	54082
847	185.199.110.133	443	192.168.1.3	54082
848	185.199.110.133	443	192.168.1.3	54082
849	185.199.110.133	443	192.168.1.3	54082
850	185.199.110.133	443	192.168.1.3	54082
851	185.199.110.133	443	192.168.1.3	54082
852	185.199.110.133	443	192.168.1.3	54082
853	185.199.110.133	443	192.168.1.3	54082
854	185.199.110.133	443	192.168.1.3	54082
855	185.199.110.133	443	192.168.1.3	54082
856	185.199.110.133	443	192.168.1.3	54082
857	185.199.110.133	443	192.168.1.3	54082
858	192.168.1.3	54082	185.199.110.133	443
859	192.168.1.3	54082	185.199.110.133	443
860	192.168.1.3	54082	185.199.110.133	443
861	192.168.1.3	54082	185.199.110.133	443
862	192.168.1.3	54082	185.199.110.133	443
863	185.199.110.133	443	192.168.1.3	54082
864	185.199.110.133	443	192.168.1.3	54082
865	185.199.110.133	443	192.168.1.3	54082
866	185.199.110.133	443	192.168.1.3	54082
867	185.199.110.133	443	192.168.1.3	54082
868	192.168.1.3	54082	185.199.110.133	443
869	185.199.110.133	443	192.168.1.3	54082
870	185.199.110.133	443	192.168.1.3	54082
871	185.199.110.133	443	192.168.1.3	54082
872	192.168.1.3	54082	185.199.110.133	443
873	192.168.1.3	54082	185.199.110.133	443
874	192.168.1.3	54082	185.199.110.133	443
875	185.199.110.133	443	192.168.1.3	54082
876	185.199.110.133	443	192.168.1.3	54082
877	192.168.1.3	54082	185.199.110.133	443
878	192.168.1.3	54082	185.199.110.133	443
879	185.199.110.133	443	192.168.1.3	54082
880	185.199.110.133	443	192.168.1.3	54082
881	192.168.1.3	54082	185.199.110.133	443
882	192.168.1.3	54082	185.199.110.133	443
883	185.199.110.133	443	192.168.1.3	54082
884	185.199.110.133	443	192.168.1.3	54082
885	185.199.110.133	443	192.168.1.3	54082
886	192.168.1.3	54082	185.199.110.133	443
887	192.168.1.3	54082	185.199.110.133	443
888	192.168.1.3	54082	185.199.110.133	443
889	185.199.110.133	443	192.168.1.3	54082
890	185.199.110.133	443	192.168.1.3	54082
891	185.199.110.133	443	192.168.1.3	54082
892	192.168.1.3	54082	185.199.110.133	443
893	192.168.1.3	54082	185.199.110.133	443
894	192.168.1.3	54082	185.199.110.133	443
895	185.199.110.133	443	192.168.1.3	54082
896	185.199.110.133	443	192.168.1.3	54082
897	185.199.110.133	443	192.168.1.3	54082
898	192.168.1.3	54082	185.199.110.133	443
899	192.168.1.3	54082	185.199.110.133	443
900	185.199.110.133	443	192.168.1.3	54082
901	185.199.110.133	443	192.168.1.3	54082
902	185.199.110.133	443	192.168.1.3	54082
903	185.199.110.133	443	192.168.1.3	54082
904	192.168.1.3	54082	185.199.110.133	443
905	192.168.1.3	54082	185.199.110.133	443
906	185.199.110.133	443	192.168.1.3	54082
907	185.199.110.133	443	192.168.1.3	54082
908	185.199.110.133	443	192.168.1.3	54082
909	185.199.110.133	443	192.168.1.3	54082
910	185.199.110.133	443	192.168.1.3	54082
911	192.168.1.3	54082	185.199.110.133	443
912	192.168.1.3	54082	185.199.110.133	443
913	185.199.110.133	443	192.168.1.3	54082
914	185.199.110.133	443	192.168.1.3	54082
915	185.199.110.133	443	192.168.1.3	54082
916	185.199.110.133	443	192.168.1.3	54082
917	192.168.1.3	54082	185.199.110.133	443
918	192.168.1.3	54082	185.199.110.133	443
919	185.199.110.133	443	192.168.1.3	54082
920	185.199.110.133	443	192.168.1.3	54082
921	185.199.110.133	443	192.168.1.3	54082
922	185.199.110.133	443	192.168.1.3	54082
923	185.199.110.133	443	192.168.1.3	54082
924	185.199.110.133	443	192.168.1.3	54082
925	185.199.110.133	443	192.168.1.3	54082
926	185.199.110.133	443	192.168.1.3	54082
927	185.199.110.133	443	192.168.1.3	54082
928	185.199.110.133	443	192.168.1.3	54082
929	185.199.110.133	443	192.168.1.3	54082
930	192.168.1.3	54082	185.199.110.133	443
931	192.168.1.3	54082	185.199.110.133	443
932	192.168.1.3	54082	185.199.110.133	443
933	185.199.110.133	443	192.168.1.3	54082
934	185.199.110.133	443	192.168.1.3	54082
935	192.168.1.3	54082	185.199.110.133	443
936	185.199.110.133	443	192.168.1.3	54082
937	185.199.110.133	443	192.168.1.3	54082
938	185.199.110.133	443	192.168.1.3	54082
939	185.199.110.133	443	192.168.1.3	54082
940	185.199.110.133	443	192.168.1.3	54082
941	185.199.110.133	443	192.168.1.3	54082
942	185.199.110.133	443	192.168.1.3	54082
943	185.199.110.133	443	192.168.1.3	54082
944	185.199.110.133	443	192.168.1.3	54082
945	185.199.110.133	443	192.168.1.3	54082
946	185.199.110.133	443	192.168.1.3	54082
947	185.199.110.133	443	192.168.1.3	54082
948	192.168.1.3	54082	185.199.110.133	443
949	192.168.1.3	54082	185.199.110.133	443
950	192.168.1.3	54082	185.199.110.133	443
951	192.168.1.3	54082	185.199.110.133	443
952	192.168.1.3	54082	185.199.110.133	443
953	185.199.110.133	443	192.168.1.3	54082
954	185.199.110.133	443	192.168.1.3	54082
955	185.199.110.133	443	192.168.1.3	54082
956	185.199.110.133	443	192.168.1.3	54082
957	192.168.1.3	54082	185.199.110.133	443
958	185.199.110.133	443	192.168.1.3	54082
959	185.199.110.133	443	192.168.1.3	54082
960	192.168.1.3	54082	185.199.110.133	443
961	185.199.110.133	443	192.168.1.3	54082
962	185.199.110.133	443	192.168.1.3	54082
963	185.199.110.133	443	192.168.1.3	54082
964	185.199.110.133	443	192.168.1.3	54082
965	185.199.110.133	443	192.168.1.3	54082
966	185.199.110.133	443	192.168.1.3	54082
967	185.199.110.133	443	192.168.1.3	54082
968	192.168.1.3	54082	185.199.110.133	443
969	185.199.110.133	443	192.168.1.3	54082
970	185.199.110.133	443	192.168.1.3	54082
971	185.199.110.133	443	192.168.1.3	54082
972	192.168.1.3	54082	185.199.110.133	443
973	192.168.1.3	54082	185.199.110.133	443
974	185.199.110.133	443	192.168.1.3	54082
975	192.168.1.3	54082	185.199.110.133	443
976	185.199.110.133	443	192.168.1.3	54082
977	185.199.110.133	443	192.168.1.3	54082
978	185.199.110.133	443	192.168.1.3	54082
979	185.199.110.133	443	192.168.1.3	54082
980	185.199.110.133	443	192.168.1.3	54082
981	185.199.110.133	443	192.168.1.3	54082
982	185.199.110.133	443	192.168.1.3	54082
983	185.199.110.133	443	192.168.1.3	54082
984	185.199.110.133	443	192.168.1.3	54082
985	185.199.110.133	443	192.168.1.3	54082
986	185.199.110.133	443	192.168.1.3	54082
987	185.199.110.133	443	192.168.1.3	54082
988	185.199.110.133	443	192.168.1.3	54082
989	185.199.110.133	443	192.168.1.3	54082
990	192.168.1.3	54082	185.199.110.133	443
991	192.168.1.3	54082	185.199.110.133	443
992	192.168.1.3	54082	185.199.110.133	443
993	192.168.1.3	54082	185.199.110.133	443
994	192.168.1.3	54082	185.199.110.133	443
995	192.168.1.3	54082	185.199.110.133	443
996	192.168.1.3	54082	185.199.110.133	443
997	192.168.1.3	54082	185.199.110.133	443
998	192.168.1.3	54082	185.199.110.133	443
999	192.168.1.3	54082	185.199.110.133	443
1000	192.168.1.3	54082	185.199.110.133	443
1001	192.168.1.3	54082	185.199.110.133	443
1002	192.168.1.3	54082	185.199.110.133	443
1003	192.168.1.3	54082	185.199.110.133	443
1004	185.199.110.133	443	192.168.1.3	54082
1005	185.199.110.133	443	192.168.1.3	54082
1006	185.199.110.133	443	192.168.1.3	54082
1007	185.199.110.133	443	192.168.1.3	54082
1008	185.199.110.133	443	192.168.1.3	54082
1009	185.199.110.133	443	192.168.1.3	54082
1010	185.199.110.133	443	192.168.1.3	54082
1011	185.199.110.133	443	192.168.1.3	54082
1012	185.199.110.133	443	192.168.1.3	54082
1013	192.168.1.3	54082	185.199.110.133	443
1014	192.168.1.3	54082	185.199.110.133	443
1015	192.168.1.3	54082	185.199.110.133	443
1016	192.168.1.3	54082	185.199.110.133	443
1017	192.168.1.3	54082	185.199.110.133	443
1018	192.168.1.3	54082	185.199.110.133	443
1019	192.168.1.3	54082	185.199.110.133	443
1020	192.168.1.3	54082	185.199.110.133	443
1021	192.168.1.3	54082	185.199.110.133	443
1022	185.199.110.133	443	192.168.1.3	54082
1023	185.199.110.133	443	192.168.1.3	54082
1024	185.199.110.133	443	192.168.1.3	54082
1025	185.199.110.133	443	192.168.1.3	54082
1026	185.199.110.133	443	192.168.1.3	54082
1027	185.199.110.133	443	192.168.1.3	54082
1028	185.199.110.133	443	192.168.1.3	54082
1029	185.199.110.133	443	192.168.1.3	54082
1030	185.199.110.133	443	192.168.1.3	54082
1031	192.168.1.3	54082	185.199.110.133	443
1032	192.168.1.3	54082	185.199.110.133	443
1033	192.168.1.3	54082	185.199.110.133	443
1034	192.168.1.3	54082	185.199.110.133	443
1035	192.168.1.3	54082	185.199.110.133	443
1036	192.168.1.3	54082	185.199.110.133	443
1037	192.168.1.3	54082	185.199.110.133	443
1038	192.168.1.3	54082	185.199.110.133	443
1039	192.168.1.3	54082	185.199.110.133	443
1040	185.199.110.133	443	192.168.1.3	54082
1041	185.199.110.133	443	192.168.1.3	54082
1042	185.199.110.133	443	192.168.1.3	54082
1043	185.199.110.133	443	192.168.1.3	54082
1044	185.199.110.133	443	192.168.1.3	54082
1045	185.199.110.133	443	192.168.1.3	54082
1046	185.199.110.133	443	192.168.1.3	54082
1047	185.199.110.133	443	192.168.1.3	54082
1048	192.168.1.3	54082	185.199.110.133	443
1049	192.168.1.3	54082	185.199.110.133	443
1050	192.168.1.3	54082	185.199.110.133	443
1051	192.168.1.3	54082	185.199.110.133	443
1052	192.168.1.3	54082	185.199.110.133	443
1053	192.168.1.3	54082	185.199.110.133	443
1054	192.168.1.3	54082	185.199.110.133	443
1055	192.168.1.3	54082	185.199.110.133	443
1056	185.199.110.133	443	192.168.1.3	54082
1057	185.199.110.133	443	192.168.1.3	54082
1058	192.168.1.3	54082	185.199.110.133	443
1059	192.168.1.3	54082	185.199.110.133	443
1060	185.199.110.133	443	192.168.1.3	54082
1061	185.199.110.133	443	192.168.1.3	54082
1062	192.168.1.3	54082	185.199.110.133	443
1063	192.168.1.3	54082	185.199.110.133	443
1064	185.199.110.133	443	192.168.1.3	54082
1065	185.199.110.133	443	192.168.1.3	54082
1066	185.199.110.133	443	192.168.1.3	54082
1067	185.199.110.133	443	192.168.1.3	54082
1068	185.199.110.133	443	192.168.1.3	54082
1069	185.199.110.133	443	192.168.1.3	54082
1070	192.168.1.3	54082	185.199.110.133	443
1071	192.168.1.3	54082	185.199.110.133	443
1072	192.168.1.3	54082	185.199.110.133	443
1073	192.168.1.3	54082	185.199.110.133	443
1074	192.168.1.3	54082	185.199.110.133	443
1075	192.168.1.3	54082	185.199.110.133	443
1076	185.199.110.133	443	192.168.1.3	54082
1077	185.199.110.133	443	192.168.1.3	54082
1078	185.199.110.133	443	192.168.1.3	54082
1079	192.168.1.3	54082	185.199.110.133	443
1080	192.168.1.3	54082	185.199.110.133	443
1081	192.168.1.3	54082	185.199.110.133	443
1082	185.199.110.133	443	192.168.1.3	54082
1083	185.199.110.133	443	192.168.1.3	54082
1084	192.168.1.3	54082	185.199.110.133	443
1085	192.168.1.3	54082	185.199.110.133	443
1086	185.199.110.133	443	192.168.1.3	54082
1087	185.199.110.133	443	192.168.1.3	54082
1088	185.199.110.133	443	192.168.1.3	54082
1089	185.199.110.133	443	192.168.1.3	54082
1090	185.199.110.133	443	192.168.1.3	54082
1091	192.168.1.3	54082	185.199.110.133	443
1092	192.168.1.3	54082	185.199.110.133	443
1093	192.168.1.3	54082	185.199.110.133	443
1094	192.168.1.3	54082	185.199.110.133	443
1095	192.168.1.3	54082	185.199.110.133	443
1096	185.199.110.133	443	192.168.1.3	54082
1097	185.199.110.133	443	192.168.1.3	54082
1098	185.199.110.133	443	192.168.1.3	54082
1099	185.199.110.133	443	192.168.1.3	54082
1100	185.199.110.133	443	192.168.1.3	54082
1101	192.168.1.3	54082	185.199.110.133	443
1102	192.168.1.3	54082	185.199.110.133	443
1103	192.168.1.3	54082	185.199.110.133	443
1104	192.168.1.3	54082	185.199.110.133	443
1105	192.168.1.3	54082	185.199.110.133	443
1106	185.199.110.133	443	192.168.1.3	54082
1107	185.199.110.133	443	192.168.1.3	54082
1108	185.199.110.133	443	192.168.1.3	54082
1109	185.199.110.133	443	192.168.1.3	54082
1110	185.199.110.133	443	192.168.1.3	54082
1111	192.168.1.3	54082	185.199.110.133	443
1112	192.168.1.3	54082	185.199.110.133	443
1113	192.168.1.3	54082	185.199.110.133	443
1114	192.168.1.3	54082	185.199.110.133	443
1115	192.168.1.3	54082	185.199.110.133	443
1116	185.199.110.133	443	192.168.1.3	54082
1117	185.199.110.133	443	192.168.1.3	54082
1118	185.199.110.133	443	192.168.1.3	54082
1119	185.199.110.133	443	192.168.1.3	54082
1120	192.168.1.3	54082	185.199.110.133	443
1121	192.168.1.3	54082	185.199.110.133	443
1122	192.168.1.3	54082	185.199.110.133	443
1123	192.168.1.3	54082	185.199.110.133	443
1124	185.199.110.133	443	192.168.1.3	54082
1125	185.199.110.133	443	192.168.1.3	54082
1126	185.199.110.133	443	192.168.1.3	54082
1127	185.199.110.133	443	192.168.1.3	54082
1128	185.199.110.133	443	192.168.1.3	54082
1129	192.168.1.3	54082	185.199.110.133	443
1130	192.168.1.3	54082	185.199.110.133	443
1131	192.168.1.3	54082	185.199.110.133	443
1132	192.168.1.3	54082	185.199.110.133	443
1133	192.168.1.3	54082	185.199.110.133	443
1134	185.199.110.133	443	192.168.1.3	54082
1135	185.199.110.133	443	192.168.1.3	54082
1136	192.168.1.3	54082	185.199.110.133	443
1137	192.168.1.3	54082	185.199.110.133	443
1138	185.199.110.133	443	192.168.1.3	54082
1139	192.168.1.3	54082	185.199.110.133	443
1140	185.199.110.133	443	192.168.1.3	54082
1141	185.199.110.133	443	192.168.1.3	54082
1142	185.199.110.133	443	192.168.1.3	54082
1143	185.199.110.133	443	192.168.1.3	54082
1144	185.199.110.133	443	192.168.1.3	54082
1145	185.199.110.133	443	192.168.1.3	54082
1146	185.199.110.133	443	192.168.1.3	54082
1147	185.199.110.133	443	192.168.1.3	54082
1148	185.199.110.133	443	192.168.1.3	54082
1149	185.199.110.133	443	192.168.1.3	54082
1150	185.199.110.133	443	192.168.1.3	54082
1151	185.199.110.133	443	192.168.1.3	54082
1152	185.199.110.133	443	192.168.1.3	54082
1153	185.199.110.133	443	192.168.1.3	54082
1154	185.199.110.133	443	192.168.1.3	54082
1155	185.199.110.133	443	192.168.1.3	54082
1156	185.199.110.133	443	192.168.1.3	54082
1157	192.168.1.3	54082	185.199.110.133	443
1158	192.168.1.3	54082	185.199.110.133	443
1159	192.168.1.3	54082	185.199.110.133	443
1160	192.168.1.3	54082	185.199.110.133	443
1161	192.168.1.3	54082	185.199.110.133	443
1162	192.168.1.3	54082	185.199.110.133	443
1163	192.168.1.3	54082	185.199.110.133	443
1164	192.168.1.3	54082	185.199.110.133	443
1165	192.168.1.3	54082	185.199.110.133	443
1166	192.168.1.3	54082	185.199.110.133	443
1167	192.168.1.3	54082	185.199.110.133	443
1168	192.168.1.3	54082	185.199.110.133	443
1169	192.168.1.3	54082	185.199.110.133	443
1170	192.168.1.3	54082	185.199.110.133	443
1171	192.168.1.3	54082	185.199.110.133	443
1172	192.168.1.3	54082	185.199.110.133	443
1173	192.168.1.3	54082	185.199.110.133	443
1174	185.199.110.133	443	192.168.1.3	54082
1175	185.199.110.133	443	192.168.1.3	54082
1176	185.199.110.133	443	192.168.1.3	54082
1177	185.199.110.133	443	192.168.1.3	54082
1178	185.199.110.133	443	192.168.1.3	54082
1179	185.199.110.133	443	192.168.1.3	54082
1180	192.168.1.3	54082	185.199.110.133	443
1181	192.168.1.3	54082	185.199.110.133	443
1182	192.168.1.3	54082	185.199.110.133	443
1183	192.168.1.3	54082	185.199.110.133	443
1184	192.168.1.3	54082	185.199.110.133	443
1185	192.168.1.3	54082	185.199.110.133	443
1186	185.199.110.133	443	192.168.1.3	54082
1187	185.199.110.133	443	192.168.1.3	54082
1188	192.168.1.3	54082	185.199.110.133	443
1189	192.168.1.3	54082	185.199.110.133	443
1190	185.199.110.133	443	192.168.1.3	54082
1191	185.199.110.133	443	192.168.1.3	54082
1192	185.199.110.133	443	192.168.1.3	54082
1193	185.199.110.133	443	192.168.1.3	54082
1194	185.199.110.133	443	192.168.1.3	54082
1195	192.168.1.3	54082	185.199.110.133	443
1196	192.168.1.3	54082	185.199.110.133	443
1197	192.168.1.3	54082	185.199.110.133	443
1198	192.168.1.3	54082	185.199.110.133	443
1199	192.168.1.3	54082	185.199.110.133	443
1200	185.199.110.133	443	192.168.1.3	54082
1201	185.199.110.133	443	192.168.1.3	54082
1202	185.199.110.133	443	192.168.1.3	54082
1203	185.199.110.133	443	192.168.1.3	54082
1204	185.199.110.133	443	192.168.1.3	54082
1205	185.199.110.133	443	192.168.1.3	54082
1206	185.199.110.133	443	192.168.1.3	54082
1207	185.199.110.133	443	192.168.1.3	54082
1208	185.199.110.133	443	192.168.1.3	54082
1209	185.199.110.133	443	192.168.1.3	54082
1210	185.199.110.133	443	192.168.1.3	54082
1211	185.199.110.133	443	192.168.1.3	54082
1212	185.199.110.133	443	192.168.1.3	54082
1213	185.199.110.133	443	192.168.1.3	54082
1214	185.199.110.133	443	192.168.1.3	54082
1215	185.199.110.133	443	192.168.1.3	54082
1216	185.199.110.133	443	192.168.1.3	54082
1217	185.199.110.133	443	192.168.1.3	54082
1218	185.199.110.133	443	192.168.1.3	54082
1219	185.199.110.133	443	192.168.1.3	54082
1220	185.199.110.133	443	192.168.1.3	54082
1221	185.199.110.133	443	192.168.1.3	54082
1222	185.199.110.133	443	192.168.1.3	54082
1223	185.199.110.133	443	192.168.1.3	54082
1224	185.199.110.133	443	192.168.1.3	54082
1225	185.199.110.133	443	192.168.1.3	54082
1226	185.199.110.133	443	192.168.1.3	54082
1227	185.199.110.133	443	192.168.1.3	54082
1228	185.199.110.133	443	192.168.1.3	54082
1229	185.199.110.133	443	192.168.1.3	54082
1230	185.199.110.133	443	192.168.1.3	54082
1231	185.199.110.133	443	192.168.1.3	54082
1232	185.199.110.133	443	192.168.1.3	54082
1233	192.168.1.3	54082	185.199.110.133	443
1234	192.168.1.3	54082	185.199.110.133	443
1235	192.168.1.3	54082	185.199.110.133	443
1236	192.168.1.3	54082	185.199.110.133	443
1237	192.168.1.3	54082	185.199.110.133	443
1238	192.168.1.3	54082	185.199.110.133	443
1239	192.168.1.3	54082	185.199.110.133	443
1240	192.168.1.3	54082	185.199.110.133	443
1241	192.168.1.3	54082	185.199.110.133	443
1242	192.168.1.3	54082	185.199.110.133	443
1243	192.168.1.3	54082	185.199.110.133	443
1244	192.168.1.3	54082	185.199.110.133	443
1245	192.168.1.3	54082	185.199.110.133	443
1246	192.168.1.3	54082	185.199.110.133	443
1247	192.168.1.3	54082	185.199.110.133	443
1248	192.168.1.3	54082	185.199.110.133	443
1249	192.168.1.3	54082	185.199.110.133	443
1250	192.168.1.3	54082	185.199.110.133	443
1251	192.168.1.3	54082	185.199.110.133	443
1252	192.168.1.3	54082	185.199.110.133	443
1253	192.168.1.3	54082	185.199.110.133	443
1254	192.168.1.3	54082	185.199.110.133	443
1255	192.168.1.3	54082	185.199.110.133	443
1256	192.168.1.3	54082	185.199.110.133	443
1257	192.168.1.3	54082	185.199.110.133	443
1258	192.168.1.3	54082	185.199.110.133	443
1259	192.168.1.3	54082	185.199.110.133	443
1260	192.168.1.3	54082	185.199.110.133	443
1261	192.168.1.3	54082	185.199.110.133	443
1262	192.168.1.3	54082	185.199.110.133	443
1263	192.168.1.3	54082	185.199.110.133	443
1264	192.168.1.3	54082	185.199.110.133	443
1265	192.168.1.3	54082	185.199.110.133	443
1266	185.199.110.133	443	192.168.1.3	54082
1267	185.199.110.133	443	192.168.1.3	54082
1268	185.199.110.133	443	192.168.1.3	54082
1269	185.199.110.133	443	192.168.1.3	54082
1270	192.168.1.3	54082	185.199.110.133	443
1271	192.168.1.3	54082	185.199.110.133	443
1272	192.168.1.3	54082	185.199.110.133	443
1273	192.168.1.3	54082	185.199.110.133	443
1274	185.199.110.133	443	192.168.1.3	54082
1275	185.199.110.133	443	192.168.1.3	54082
1276	185.199.110.133	443	192.168.1.3	54082
1277	185.199.110.133	443	192.168.1.3	54082
1278	185.199.110.133	443	192.168.1.3	54082
1279	185.199.110.133	443	192.168.1.3	54082
1280	185.199.110.133	443	192.168.1.3	54082
1281	185.199.110.133	443	192.168.1.3	54082
1282	192.168.1.3	54082	185.199.110.133	443
1283	192.168.1.3	54082	185.199.110.133	443
1284	192.168.1.3	54082	185.199.110.133	443
1285	192.168.1.3	54082	185.199.110.133	443
1286	192.168.1.3	54082	185.199.110.133	443
1287	192.168.1.3	54082	185.199.110.133	443
1288	192.168.1.3	54082	185.199.110.133	443
1289	192.168.1.3	54082	185.199.110.133	443
1290	185.199.110.133	443	192.168.1.3	54082
1291	192.168.1.3	54082	185.199.110.133	443
1292	185.199.110.133	443	192.168.1.3	54082
1293	185.199.110.133	443	192.168.1.3	54082
1294	185.199.110.133	443	192.168.1.3	54082
1295	185.199.110.133	443	192.168.1.3	54082
1296	185.199.110.133	443	192.168.1.3	54082
1297	185.199.110.133	443	192.168.1.3	54082
1298	185.199.110.133	443	192.168.1.3	54082
1299	185.199.110.133	443	192.168.1.3	54082
1300	192.168.1.3	54082	185.199.110.133	443
1301	192.168.1.3	54082	185.199.110.133	443
1302	192.168.1.3	54082	185.199.110.133	443
1303	192.168.1.3	54082	185.199.110.133	443
1304	192.168.1.3	54082	185.199.110.133	443
1305	192.168.1.3	54082	185.199.110.133	443
1306	192.168.1.3	54082	185.199.110.133	443
1307	185.199.110.133	443	192.168.1.3	54082
1308	185.199.110.133	443	192.168.1.3	54082
1309	185.199.110.133	443	192.168.1.3	54082
1310	185.199.110.133	443	192.168.1.3	54082
1311	185.199.110.133	443	192.168.1.3	54082
1312	192.168.1.3	54082	185.199.110.133	443
1313	192.168.1.3	54082	185.199.110.133	443
1314	192.168.1.3	54082	185.199.110.133	443
1315	192.168.1.3	54082	185.199.110.133	443
1316	192.168.1.3	54082	185.199.110.133	443
1317	192.168.1.3	54082	185.199.110.133	443
1318	185.199.110.133	443	192.168.1.3	54082
1319	185.199.110.133	443	192.168.1.3	54082
1320	185.199.110.133	443	192.168.1.3	54082
1321	185.199.110.133	443	192.168.1.3	54082
1322	185.199.110.133	443	192.168.1.3	54082
1323	185.199.110.133	443	192.168.1.3	54082
1324	192.168.1.3	54082	185.199.110.133	443
1325	192.168.1.3	54082	185.199.110.133	443
1326	192.168.1.3	54082	185.199.110.133	443
1327	192.168.1.3	54082	185.199.110.133	443
1328	192.168.1.3	54082	185.199.110.133	443
1329	192.168.1.3	54082	185.199.110.133	443
1330	185.199.110.133	443	192.168.1.3	54082
1331	185.199.110.133	443	192.168.1.3	54082
1332	185.199.110.133	443	192.168.1.3	54082
1333	192.168.1.3	54082	185.199.110.133	443
1334	192.168.1.3	54082	185.199.110.133	443
1335	192.168.1.3	54082	185.199.110.133	443
1336	185.199.110.133	443	192.168.1.3	54082
1337	185.199.110.133	443	192.168.1.3	54082
1338	185.199.110.133	443	192.168.1.3	54082
1339	185.199.110.133	443	192.168.1.3	54082
1340	185.199.110.133	443	192.168.1.3	54082
1341	185.199.110.133	443	192.168.1.3	54082
1342	192.168.1.3	54082	185.199.110.133	443
1343	192.168.1.3	54082	185.199.110.133	443
1344	192.168.1.3	54082	185.199.110.133	443
1345	192.168.1.3	54082	185.199.110.133	443
1346	192.168.1.3	54082	185.199.110.133	443
1347	192.168.1.3	54082	185.199.110.133	443
1348	185.199.110.133	443	192.168.1.3	54082
1349	185.199.110.133	443	192.168.1.3	54082
1350	185.199.110.133	443	192.168.1.3	54082
1351	192.168.1.3	54082	185.199.110.133	443
1352	192.168.1.3	54082	185.199.110.133	443
1353	192.168.1.3	54082	185.199.110.133	443
1354	185.199.110.133	443	192.168.1.3	54082
1355	185.199.110.133	443	192.168.1.3	54082
1356	185.199.110.133	443	192.168.1.3	54082
1357	185.199.110.133	443	192.168.1.3	54082
1358	185.199.110.133	443	192.168.1.3	54082
1359	185.199.110.133	443	192.168.1.3	54082
1360	185.199.110.133	443	192.168.1.3	54082
1361	192.168.1.3	54082	185.199.110.133	443
1362	192.168.1.3	54082	185.199.110.133	443
1363	192.168.1.3	54082	185.199.110.133	443
1364	192.168.1.3	54082	185.199.110.133	443
1365	192.168.1.3	54082	185.199.110.133	443
1366	192.168.1.3	54082	185.199.110.133	443
1367	192.168.1.3	54082	185.199.110.133	443
1368	185.199.110.133	443	192.168.1.3	54082
1369	185.199.110.133	443	192.168.1.3	54082
1370	185.199.110.133	443	192.168.1.3	54082
1371	185.199.110.133	443	192.168.1.3	54082
1372	185.199.110.133	443	192.168.1.3	54082
1373	185.199.110.133	443	192.168.1.3	54082
1374	192.168.1.3	54082	185.199.110.133	443
1375	192.168.1.3	54082	185.199.110.133	443
1376	192.168.1.3	54082	185.199.110.133	443
1377	192.168.1.3	54082	185.199.110.133	443
1378	192.168.1.3	54082	185.199.110.133	443
1379	192.168.1.3	54082	185.199.110.133	443
1380	185.199.110.133	443	192.168.1.3	54082
1381	185.199.110.133	443	192.168.1.3	54082
1382	185.199.110.133	443	192.168.1.3	54082
1383	192.168.1.3	54082	185.199.110.133	443
1384	192.168.1.3	54082	185.199.110.133	443
1385	192.168.1.3	54082	185.199.110.133	443
1386	185.199.110.133	443	192.168.1.3	54082
1387	185.199.110.133	443	192.168.1.3	54082
1388	185.199.110.133	443	192.168.1.3	54082
1389	192.168.1.3	54082	185.199.110.133	443
1390	192.168.1.3	54082	185.199.110.133	443
1391	192.168.1.3	54082	185.199.110.133	443
1392	185.199.110.133	443	192.168.1.3	54082
1393	185.199.110.133	443	192.168.1.3	54082
1394	192.168.1.3	54082	185.199.110.133	443
1395	192.168.1.3	54082	185.199.110.133	443
1396	185.199.110.133	443	192.168.1.3	54082
1397	185.199.110.133	443	192.168.1.3	54082
1398	192.168.1.3	54082	185.199.110.133	443
1399	192.168.1.3	54082	185.199.110.133	443
1400	185.199.110.133	443	192.168.1.3	54082
1401	185.199.110.133	443	192.168.1.3	54082
1402	185.199.110.133	443	192.168.1.3	54082
1403	185.199.110.133	443	192.168.1.3	54082
1404	185.199.110.133	443	192.168.1.3	54082
1405	192.168.1.3	54082	185.199.110.133	443
1406	192.168.1.3	54082	185.199.110.133	443
1407	192.168.1.3	54082	185.199.110.133	443
1408	192.168.1.3	54082	185.199.110.133	443
1409	192.168.1.3	54082	185.199.110.133	443
1410	185.199.110.133	443	192.168.1.3	54082
1411	185.199.110.133	443	192.168.1.3	54082
1412	192.168.1.3	54082	185.199.110.133	443
1413	192.168.1.3	54082	185.199.110.133	443
1414	185.199.110.133	443	192.168.1.3	54082
1415	185.199.110.133	443	192.168.1.3	54082
1416	185.199.110.133	443	192.168.1.3	54082
1417	185.199.110.133	443	192.168.1.3	54082
1418	185.199.110.133	443	192.168.1.3	54082
1419	185.199.110.133	443	192.168.1.3	54082
1420	185.199.110.133	443	192.168.1.3	54082
1421	185.199.110.133	443	192.168.1.3	54082
1422	185.199.110.133	443	192.168.1.3	54082
1423	192.168.1.3	54082	185.199.110.133	443
1424	192.168.1.3	54082	185.199.110.133	443
1425	192.168.1.3	54082	185.199.110.133	443
1426	192.168.1.3	54082	185.199.110.133	443
1427	192.168.1.3	54082	185.199.110.133	443
1428	185.199.110.133	443	192.168.1.3	54082
1429	185.199.110.133	443	192.168.1.3	54082
1430	192.168.1.3	54082	185.199.110.133	443
1431	192.168.1.3	54082	185.199.110.133	443
1432	192.168.1.3	54082	185.199.110.133	443
1433	192.168.1.3	54082	185.199.110.133	443
1434	192.168.1.3	54082	185.199.110.133	443
1435	185.199.110.133	443	192.168.1.3	54082
1436	185.199.110.133	443	192.168.1.3	54082
1437	192.168.1.3	54082	185.199.110.133	443
1438	192.168.1.3	54082	185.199.110.133	443
1439	185.199.110.133	443	192.168.1.3	54082
1440	185.199.110.133	443	192.168.1.3	54082
1441	185.199.110.133	443	192.168.1.3	54082
1442	185.199.110.133	443	192.168.1.3	54082
1443	185.199.110.133	443	192.168.1.3	54082
1444	192.168.1.3	54082	185.199.110.133	443
1445	192.168.1.3	54082	185.199.110.133	443
1446	192.168.1.3	54082	185.199.110.133	443
1447	192.168.1.3	54082	185.199.110.133	443
1448	192.168.1.3	54082	185.199.110.133	443
1449	185.199.110.133	443	192.168.1.3	54082
1450	185.199.110.133	443	192.168.1.3	54082
1451	192.168.1.3	54082	185.199.110.133	443
1452	192.168.1.3	54082	185.199.110.133	443
1453	185.199.110.133	443	192.168.1.3	54082
1454	192.168.1.3	54082	185.199.110.133	443
1455	185.199.110.133	443	192.168.1.3	54082
1456	185.199.110.133	443	192.168.1.3	54082
1457	185.199.110.133	443	192.168.1.3	54082
1458	192.168.1.3	54082	185.199.110.133	443
1459	192.168.1.3	54082	185.199.110.133	443
1460	192.168.1.3	54082	185.199.110.133	443
1461	185.199.110.133	443	192.168.1.3	54082
1462	192.168.1.3	54082	185.199.110.133	443
1463	185.199.110.133	443	192.168.1.3	54082
1464	185.199.110.133	443	192.168.1.3	54082
1465	185.199.110.133	443	192.168.1.3	54082
1466	185.199.110.133	443	192.168.1.3	54082
1467	185.199.110.133	443	192.168.1.3	54082
1468	185.199.110.133	443	192.168.1.3	54082
1469	185.199.110.133	443	192.168.1.3	54082
1470	185.199.110.133	443	192.168.1.3	54082
1471	192.168.1.3	54082	185.199.110.133	443
1472	192.168.1.3	54082	185.199.110.133	443
1473	192.168.1.3	54082	185.199.110.133	443
1474	192.168.1.3	54082	185.199.110.133	443
1475	192.168.1.3	54082	185.199.110.133	443
1476	192.168.1.3	54082	185.199.110.133	443
1477	192.168.1.3	54082	185.199.110.133	443
1478	192.168.1.3	54082	185.199.110.133	443
1479	185.199.110.133	443	192.168.1.3	54082
1480	185.199.110.133	443	192.168.1.3	54082
1481	192.168.1.3	54082	185.199.110.133	443
1482	192.168.1.3	54082	185.199.110.133	443
1483	185.199.110.133	443	192.168.1.3	54082
1484	185.199.110.133	443	192.168.1.3	54082
1485	185.199.110.133	443	192.168.1.3	54082
1486	185.199.110.133	443	192.168.1.3	54082
1487	185.199.110.133	443	192.168.1.3	54082
1488	185.199.110.133	443	192.168.1.3	54082
1489	185.199.110.133	443	192.168.1.3	54082
1490	185.199.110.133	443	192.168.1.3	54082
1491	192.168.1.3	54082	185.199.110.133	443
1492	192.168.1.3	54082	185.199.110.133	443
1493	192.168.1.3	54082	185.199.110.133	443
1494	192.168.1.3	54082	185.199.110.133	443
1495	192.168.1.3	54082	185.199.110.133	443
1496	192.168.1.3	54082	185.199.110.133	443
1497	192.168.1.3	54082	185.199.110.133	443
1498	192.168.1.3	54082	185.199.110.133	443
1499	185.199.110.133	443	192.168.1.3	54082
1500	185.199.110.133	443	192.168.1.3	54082
1501	185.199.110.133	443	192.168.1.3	54082
1502	185.199.110.133	443	192.168.1.3	54082
1503	185.199.110.133	443	192.168.1.3	54082
1504	192.168.1.3	54082	185.199.110.133	443
1505	192.168.1.3	54082	185.199.110.133	443
1506	192.168.1.3	54082	185.199.110.133	443
1507	192.168.1.3	54082	185.199.110.133	443
1508	192.168.1.3	54082	185.199.110.133	443
1509	185.199.110.133	443	192.168.1.3	54082
1510	185.199.110.133	443	192.168.1.3	54082
1511	185.199.110.133	443	192.168.1.3	54082
1512	192.168.1.3	54082	185.199.110.133	443
1513	192.168.1.3	54082	185.199.110.133	443
1514	192.168.1.3	54082	185.199.110.133	443
1515	185.199.110.133	443	192.168.1.3	54082
1516	192.168.1.3	54082	185.199.110.133	443
1517	185.199.110.133	443	192.168.1.3	54082
1518	185.199.110.133	443	192.168.1.3	54082
1519	192.168.1.3	54082	185.199.110.133	443
1520	192.168.1.3	54082	185.199.110.133	443
1521	185.199.110.133	443	192.168.1.3	54082
1522	185.199.110.133	443	192.168.1.3	54082
1523	185.199.110.133	443	192.168.1.3	54082
1524	185.199.110.133	443	192.168.1.3	54082
1525	185.199.110.133	443	192.168.1.3	54082
1526	185.199.110.133	443	192.168.1.3	54082
1527	185.199.110.133	443	192.168.1.3	54082
1528	185.199.110.133	443	192.168.1.3	54082
1529	185.199.110.133	443	192.168.1.3	54082
1530	192.168.1.3	54082	185.199.110.133	443
1531	192.168.1.3	54082	185.199.110.133	443
1532	192.168.1.3	54082	185.199.110.133	443
1533	192.168.1.3	54082	185.199.110.133	443
1534	192.168.1.3	54082	185.199.110.133	443
1535	192.168.1.3	54082	185.199.110.133	443
1536	192.168.1.3	54082	185.199.110.133	443
1537	192.168.1.3	54082	185.199.110.133	443
1538	192.168.1.3	54082	185.199.110.133	443
1539	185.199.110.133	443	192.168.1.3	54082
1540	185.199.110.133	443	192.168.1.3	54082
1541	192.168.1.3	54082	185.199.110.133	443
1542	192.168.1.3	54082	185.199.110.133	443
1543	185.199.110.133	443	192.168.1.3	54082
1544	185.199.110.133	443	192.168.1.3	54082
1545	185.199.110.133	443	192.168.1.3	54082
1546	185.199.110.133	443	192.168.1.3	54082
1547	185.199.110.133	443	192.168.1.3	54082
1548	192.168.1.3	54082	185.199.110.133	443
1549	192.168.1.3	54082	185.199.110.133	443
1550	192.168.1.3	54082	185.199.110.133	443
1551	192.168.1.3	54082	185.199.110.133	443
1552	192.168.1.3	54082	185.199.110.133	443
1553	185.199.110.133	443	192.168.1.3	54082
1554	192.168.1.3	54082	185.199.110.133	443
1555	185.199.110.133	443	192.168.1.3	54082
1556	185.199.110.133	443	192.168.1.3	54082
1557	185.199.110.133	443	192.168.1.3	54082
1558	192.168.1.3	54082	185.199.110.133	443
1559	192.168.1.3	54082	185.199.110.133	443
1560	185.199.110.133	443	192.168.1.3	54082
1561	185.199.110.133	443	192.168.1.3	54082
1562	185.199.110.133	443	192.168.1.3	54082
1563	185.199.110.133	443	192.168.1.3	54082
1564	185.199.110.133	443	192.168.1.3	54082
1565	185.199.110.133	443	192.168.1.3	54082
1566	185.199.110.133	443	192.168.1.3	54082
1567	185.199.110.133	443	192.168.1.3	54082
1568	185.199.110.133	443	192.168.1.3	54082
1569	185.199.110.133	443	192.168.1.3	54082
1570	192.168.1.3	54082	185.199.110.133	443
1571	192.168.1.3	54082	185.199.110.133	443
1572	192.168.1.3	54082	185.199.110.133	443
1573	185.199.110.133	443	192.168.1.3	54082
1574	185.199.110.133	443	192.168.1.3	54082
1575	192.168.1.3	54082	185.199.110.133	443
1576	185.199.110.133	443	192.168.1.3	54082
1577	185.199.110.133	443	192.168.1.3	54082
1578	185.199.110.133	443	192.168.1.3	54082
1579	192.168.1.3	54082	185.199.110.133	443
1580	192.168.1.3	54082	185.199.110.133	443
1581	185.199.110.133	443	192.168.1.3	54082
1582	185.199.110.133	443	192.168.1.3	54082
1583	185.199.110.133	443	192.168.1.3	54082
1584	192.168.1.3	54082	185.199.110.133	443
1585	185.199.110.133	443	192.168.1.3	54082
1586	185.199.110.133	443	192.168.1.3	54082
1587	185.199.110.133	443	192.168.1.3	54082
1588	185.199.110.133	443	192.168.1.3	54082
1589	185.199.110.133	443	192.168.1.3	54082
1590	185.199.110.133	443	192.168.1.3	54082
1591	185.199.110.133	443	192.168.1.3	54082
1592	185.199.110.133	443	192.168.1.3	54082
1593	185.199.110.133	443	192.168.1.3	54082
1594	185.199.110.133	443	192.168.1.3	54082
1595	185.199.110.133	443	192.168.1.3	54082
1596	185.199.110.133	443	192.168.1.3	54082
1597	192.168.1.3	54082	185.199.110.133	443
1598	192.168.1.3	54082	185.199.110.133	443
1599	192.168.1.3	54082	185.199.110.133	443
1600	192.168.1.3	54082	185.199.110.133	443
1601	185.199.110.133	443	192.168.1.3	54082
1602	185.199.110.133	443	192.168.1.3	54082
1603	185.199.110.133	443	192.168.1.3	54082
1604	185.199.110.133	443	192.168.1.3	54082
1605	192.168.1.3	54082	185.199.110.133	443
1606	192.168.1.3	54082	185.199.110.133	443
1607	185.199.110.133	443	192.168.1.3	54082
1608	185.199.110.133	443	192.168.1.3	54082
1609	185.199.110.133	443	192.168.1.3	54082
1610	192.168.1.3	54082	185.199.110.133	443
1611	185.199.110.133	443	192.168.1.3	54082
1612	185.199.110.133	443	192.168.1.3	54082
1613	185.199.110.133	443	192.168.1.3	54082
1614	185.199.110.133	443	192.168.1.3	54082
1615	185.199.110.133	443	192.168.1.3	54082
1616	185.199.110.133	443	192.168.1.3	54082
1617	185.199.110.133	443	192.168.1.3	54082
1618	192.168.1.3	54082	185.199.110.133	443
1619	192.168.1.3	54082	185.199.110.133	443
1620	185.199.110.133	443	192.168.1.3	54082
1621	185.199.110.133	443	192.168.1.3	54082
1622	185.199.110.133	443	192.168.1.3	54082
1623	185.199.110.133	443	192.168.1.3	54082
1624	185.199.110.133	443	192.168.1.3	54082
1625	185.199.110.133	443	192.168.1.3	54082
1626	192.168.1.3	54082	185.199.110.133	443
1627	192.168.1.3	54082	185.199.110.133	443
1628	185.199.110.133	443	192.168.1.3	54082
1629	185.199.110.133	443	192.168.1.3	54082
1630	185.199.110.133	443	192.168.1.3	54082
1631	185.199.110.133	443	192.168.1.3	54082
1632	192.168.1.3	54082	185.199.110.133	443
1633	192.168.1.3	54082	185.199.110.133	443
1634	185.199.110.133	443	192.168.1.3	54082
1635	185.199.110.133	443	192.168.1.3	54082
1636	185.199.110.133	443	192.168.1.3	54082
1637	185.199.110.133	443	192.168.1.3	54082
1638	185.199.110.133	443	192.168.1.3	54082
1639	185.199.110.133	443	192.168.1.3	54082
1640	192.168.1.3	54082	185.199.110.133	443
1641	192.168.1.3	54082	185.199.110.133	443
1642	185.199.110.133	443	192.168.1.3	54082
1643	185.199.110.133	443	192.168.1.3	54082
1644	192.168.1.3	54082	185.199.110.133	443
1645	185.199.110.133	443	192.168.1.3	54082
1646	185.199.110.133	443	192.168.1.3	54082
1647	185.199.110.133	443	192.168.1.3	54082
1648	185.199.110.133	443	192.168.1.3	54082
1649	185.199.110.133	443	192.168.1.3	54082
1650	185.199.110.133	443	192.168.1.3	54082
1651	185.199.110.133	443	192.168.1.3	54082
1652	185.199.110.133	443	192.168.1.3	54082
1653	185.199.110.133	443	192.168.1.3	54082
1654	185.199.110.133	443	192.168.1.3	54082
1655	192.168.1.3	54082	185.199.110.133	443
1656	192.168.1.3	54082	185.199.110.133	443
1657	192.168.1.3	54082	185.199.110.133	443
1658	185.199.110.133	443	192.168.1.3	54082
1659	185.199.110.133	443	192.168.1.3	54082
1660	192.168.1.3	54082	185.199.110.133	443
1661	185.199.110.133	443	192.168.1.3	54082
1662	185.199.110.133	443	192.168.1.3	54082
1663	192.168.1.3	54082	185.199.110.133	443
1664	185.199.110.133	443	192.168.1.3	54082
1665	185.199.110.133	443	192.168.1.3	54082
1666	192.168.1.3	54082	185.199.110.133	443
1667	185.199.110.133	443	192.168.1.3	54082
1668	185.199.110.133	443	192.168.1.3	54082
1669	185.199.110.133	443	192.168.1.3	54082
1670	185.199.110.133	443	192.168.1.3	54082
1671	185.199.110.133	443	192.168.1.3	54082
1672	185.199.110.133	443	192.168.1.3	54082
1673	192.168.1.3	54082	185.199.110.133	443
1674	192.168.1.3	54082	185.199.110.133	443
1675	192.168.1.3	54082	185.199.110.133	443
1676	192.168.1.3	54082	185.199.110.133	443
1677	185.199.110.133	443	192.168.1.3	54082
1678	185.199.110.133	443	192.168.1.3	54082
1679	185.199.110.133	443	192.168.1.3	54082
1680	185.199.110.133	443	192.168.1.3	54082
1681	185.199.110.133	443	192.168.1.3	54082
1682	185.199.110.133	443	192.168.1.3	54082
1683	185.199.110.133	443	192.168.1.3	54082
1684	185.199.110.133	443	192.168.1.3	54082
1685	185.199.110.133	443	192.168.1.3	54082
1686	185.199.110.133	443	192.168.1.3	54082
1687	185.199.110.133	443	192.168.1.3	54082
1688	185.199.110.133	443	192.168.1.3	54082
1689	185.199.110.133	443	192.168.1.3	54082
1690	185.199.110.133	443	192.168.1.3	54082
1691	185.199.110.133	443	192.168.1.3	54082
1692	185.199.110.133	443	192.168.1.3	54082
1693	185.199.110.133	443	192.168.1.3	54082
1694	185.199.110.133	443	192.168.1.3	54082
1695	185.199.110.133	443	192.168.1.3	54082
1696	185.199.110.133	443	192.168.1.3	54082
1697	185.199.110.133	443	192.168.1.3	54082
1698	185.199.110.133	443	192.168.1.3	54082
1699	185.199.110.133	443	192.168.1.3	54082
1700	185.199.110.133	443	192.168.1.3	54082
1701	185.199.110.133	443	192.168.1.3	54082
1702	185.199.110.133	443	192.168.1.3	54082
1703	185.199.110.133	443	192.168.1.3	54082
1704	185.199.110.133	443	192.168.1.3	54082
1705	185.199.110.133	443	192.168.1.3	54082
1706	185.199.110.133	443	192.168.1.3	54082
1707	192.168.1.3	54082	185.199.110.133	443
1708	192.168.1.3	54082	185.199.110.133	443
1709	185.199.110.133	443	192.168.1.3	54082
1710	185.199.110.133	443	192.168.1.3	54082
1711	192.168.1.3	54082	185.199.110.133	443
1712	185.199.110.133	443	192.168.1.3	54082
1713	185.199.110.133	443	192.168.1.3	54082
1714	192.168.1.3	54082	185.199.110.133	443
1715	185.199.110.133	443	192.168.1.3	54082
1716	185.199.110.133	443	192.168.1.3	54082
1717	192.168.1.3	54082	185.199.110.133	443
1718	185.199.110.133	443	192.168.1.3	54082
1719	185.199.110.133	443	192.168.1.3	54082
1720	192.168.1.3	54082	185.199.110.133	443
1721	185.199.110.133	443	192.168.1.3	54082
1722	185.199.110.133	443	192.168.1.3	54082
1723	185.199.110.133	443	192.168.1.3	54082
1724	185.199.110.133	443	192.168.1.3	54082
1725	185.199.110.133	443	192.168.1.3	54082
1726	185.199.110.133	443	192.168.1.3	54082
1727	185.199.110.133	443	192.168.1.3	54082
1728	185.199.110.133	443	192.168.1.3	54082
1729	192.168.1.3	54082	185.199.110.133	443
1730	185.199.110.133	443	192.168.1.3	54082
1731	185.199.110.133	443	192.168.1.3	54082
1732	185.199.110.133	443	192.168.1.3	54082
1733	185.199.110.133	443	192.168.1.3	54082
1734	185.199.110.133	443	192.168.1.3	54082
1735	185.199.110.133	443	192.168.1.3	54082
1736	185.199.110.133	443	192.168.1.3	54082
1737	185.199.110.133	443	192.168.1.3	54082
1738	185.199.110.133	443	192.168.1.3	54082
1739	192.168.1.3	54082	185.199.110.133	443
1740	185.199.110.133	443	192.168.1.3	54082
1741	185.199.110.133	443	192.168.1.3	54082
1742	185.199.110.133	443	192.168.1.3	54082
1743	185.199.110.133	443	192.168.1.3	54082
1744	185.199.110.133	443	192.168.1.3	54082
1745	185.199.110.133	443	192.168.1.3	54082
1746	192.168.1.3	54082	185.199.110.133	443
1747	185.199.110.133	443	192.168.1.3	54082
1748	185.199.110.133	443	192.168.1.3	54082
1749	185.199.110.133	443	192.168.1.3	54082
1750	185.199.110.133	443	192.168.1.3	54082
1751	185.199.110.133	443	192.168.1.3	54082
1752	185.199.110.133	443	192.168.1.3	54082
1753	185.199.110.133	443	192.168.1.3	54082
1754	185.199.110.133	443	192.168.1.3	54082
1755	192.168.1.3	54082	185.199.110.133	443
1756	192.168.1.3	54082	185.199.110.133	443
1757	185.199.110.133	443	192.168.1.3	54082
1758	185.199.110.133	443	192.168.1.3	54082
1759	185.199.110.133	443	192.168.1.3	54082
1760	192.168.1.3	54082	185.199.110.133	443
1761	185.199.110.133	443	192.168.1.3	54082
1762	185.199.110.133	443	192.168.1.3	54082
1763	192.168.1.3	54082	185.199.110.133	443
1764	185.199.110.133	443	192.168.1.3	54082
1765	185.199.110.133	443	192.168.1.3	54082
1766	185.199.110.133	443	192.168.1.3	54082
1767	185.199.110.133	443	192.168.1.3	54082
1768	192.168.1.3	54082	185.199.110.133	443
1769	185.199.110.133	443	192.168.1.3	54082
1770	185.199.110.133	443	192.168.1.3	54082
1771	185.199.110.133	443	192.168.1.3	54082
1772	185.199.110.133	443	192.168.1.3	54082
1773	185.199.110.133	443	192.168.1.3	54082
1774	185.199.110.133	443	192.168.1.3	54082
1775	185.199.110.133	443	192.168.1.3	54082
1776	185.199.110.133	443	192.168.1.3	54082
1777	185.199.110.133	443	192.168.1.3	54082
1778	192.168.1.3	54082	185.199.110.133	443
1779	192.168.1.3	54082	185.199.110.133	443
1780	192.168.1.3	54082	185.199.110.133	443
1781	185.199.110.133	443	192.168.1.3	54082
1782	185.199.110.133	443	192.168.1.3	54082
1783	185.199.110.133	443	192.168.1.3	54082
1784	185.199.110.133	443	192.168.1.3	54082
1785	185.199.110.133	443	192.168.1.3	54082
1786	185.199.110.133	443	192.168.1.3	54082
1787	185.199.110.133	443	192.168.1.3	54082
1788	192.168.1.3	54082	185.199.110.133	443
1789	192.168.1.3	54082	185.199.110.133	443
1790	185.199.110.133	443	192.168.1.3	54082
1791	185.199.110.133	443	192.168.1.3	54082
1792	185.199.110.133	443	192.168.1.3	54082
1793	185.199.110.133	443	192.168.1.3	54082
1794	185.199.110.133	443	192.168.1.3	54082
1795	185.199.110.133	443	192.168.1.3	54082
1796	185.199.110.133	443	192.168.1.3	54082
1797	185.199.110.133	443	192.168.1.3	54082
1798	185.199.110.133	443	192.168.1.3	54082
1799	185.199.110.133	443	192.168.1.3	54082
1800	185.199.110.133	443	192.168.1.3	54082
1801	192.168.1.3	54082	185.199.110.133	443
1802	192.168.1.3	54082	185.199.110.133	443
1803	192.168.1.3	54082	185.199.110.133	443
1804	185.199.110.133	443	192.168.1.3	54082
1805	185.199.110.133	443	192.168.1.3	54082
1806	185.199.110.133	443	192.168.1.3	54082
1807	185.199.110.133	443	192.168.1.3	54082
1808	185.199.110.133	443	192.168.1.3	54082
1809	185.199.110.133	443	192.168.1.3	54082
1810	185.199.110.133	443	192.168.1.3	54082
1811	185.199.110.133	443	192.168.1.3	54082
1812	192.168.1.3	54082	185.199.110.133	443
1813	192.168.1.3	54082	185.199.110.133	443
1814	185.199.110.133	443	192.168.1.3	54082
1815	192.168.1.3	54082	185.199.110.133	443
1816	185.199.110.133	443	192.168.1.3	54082
1817	185.199.110.133	443	192.168.1.3	54082
1818	185.199.110.133	443	192.168.1.3	54082
1819	185.199.110.133	443	192.168.1.3	54082
1820	185.199.110.133	443	192.168.1.3	54082
1821	192.168.1.3	54082	185.199.110.133	443
1822	192.168.1.3	54082	185.199.110.133	443
1823	185.199.110.133	443	192.168.1.3	54082
1824	185.199.110.133	443	192.168.1.3	54082
1825	185.199.110.133	443	192.168.1.3	54082
1826	185.199.110.133	443	192.168.1.3	54082
1827	185.199.110.133	443	192.168.1.3	54082
1828	192.168.1.3	54082	185.199.110.133	443
1829	192.168.1.3	54082	185.199.110.133	443
1830	185.199.110.133	443	192.168.1.3	54082
1831	185.199.110.133	443	192.168.1.3	54082
1832	185.199.110.133	443	192.168.1.3	54082
1833	185.199.110.133	443	192.168.1.3	54082
1834	192.168.1.3	54082	185.199.110.133	443
1835	185.199.110.133	443	192.168.1.3	54082
1836	185.199.110.133	443	192.168.1.3	54082
1837	192.168.1.3	54082	185.199.110.133	443
1838	185.199.110.133	443	192.168.1.3	54082
1839	185.199.110.133	443	192.168.1.3	54082
1840	185.199.110.133	443	192.168.1.3	54082
1841	192.168.1.3	54082	185.199.110.133	443
1842	185.199.110.133	443	192.168.1.3	54082
1843	185.199.110.133	443	192.168.1.3	54082
1844	192.168.1.3	54082	185.199.110.133	443
1845	185.199.110.133	443	192.168.1.3	54082
1846	192.168.1.3	54082	185.199.110.133	443
1847	185.199.110.133	443	192.168.1.3	54082
1848	185.199.110.133	443	192.168.1.3	54082
1849	192.168.1.3	54082	185.199.110.133	443
1850	192.168.1.3	54082	185.199.110.133	443
1851	185.199.110.133	443	192.168.1.3	54082
1852	192.168.1.3	54082	185.199.110.133	443
1853	185.199.110.133	443	192.168.1.3	54082
1854	185.199.110.133	443	192.168.1.3	54082
1855	192.168.1.3	54082	185.199.110.133	443
1856	192.168.1.3	54082	185.199.110.133	443
1857	185.199.110.133	443	192.168.1.3	54082
1858	185.199.110.133	443	192.168.1.3	54082
1859	192.168.1.3	54082	185.199.110.133	443
1860	185.199.110.133	443	192.168.1.3	54082
1861	185.199.110.133	443	192.168.1.3	54082
1862	192.168.1.3	54082	185.199.110.133	443
1863	185.199.110.133	443	192.168.1.3	54082
1864	192.168.1.3	54082	185.199.110.133	443
1865	185.199.110.133	443	192.168.1.3	54082
1866	185.199.110.133	443	192.168.1.3	54082
1867	192.168.1.3	54082	185.199.110.133	443
1868	192.168.1.3	54082	185.199.110.133	443
1869	185.199.110.133	443	192.168.1.3	54082
1870	185.199.110.133	443	192.168.1.3	54082
1871	192.168.1.3	54082	185.199.110.133	443
1872	185.199.110.133	443	192.168.1.3	54082
1873	185.199.110.133	443	192.168.1.3	54082
1874	185.199.110.133	443	192.168.1.3	54082
1875	192.168.1.3	54082	185.199.110.133	443
1876	185.199.110.133	443	192.168.1.3	54082
1877	185.199.110.133	443	192.168.1.3	54082
1878	185.199.110.133	443	192.168.1.3	54082
1879	185.199.110.133	443	192.168.1.3	54082
1880	192.168.1.3	54082	185.199.110.133	443
1881	192.168.1.3	54082	185.199.110.133	443
1882	185.199.110.133	443	192.168.1.3	54082
1883	185.199.110.133	443	192.168.1.3	54082
1884	192.168.1.3	54082	185.199.110.133	443
1885	185.199.110.133	443	192.168.1.3	54082
1886	185.199.110.133	443	192.168.1.3	54082
1887	185.199.110.133	443	192.168.1.3	54082
1888	185.199.110.133	443	192.168.1.3	54082
1889	192.168.1.3	54082	185.199.110.133	443
1890	185.199.110.133	443	192.168.1.3	54082
1891	185.199.110.133	443	192.168.1.3	54082
1892	192.168.1.3	54082	185.199.110.133	443
1893	185.199.110.133	443	192.168.1.3	54082
1894	185.199.110.133	443	192.168.1.3	54082
1895	185.199.110.133	443	192.168.1.3	54082
1896	185.199.110.133	443	192.168.1.3	54082
1897	192.168.1.3	54082	185.199.110.133	443
1898	185.199.110.133	443	192.168.1.3	54082
1899	192.168.1.3	54082	185.199.110.133	443
1900	185.199.110.133	443	192.168.1.3	54082
1901	185.199.110.133	443	192.168.1.3	54082
1902	185.199.110.133	443	192.168.1.3	54082
1903	185.199.110.133	443	192.168.1.3	54082
1904	185.199.110.133	443	192.168.1.3	54082
1905	192.168.1.3	54082	185.199.110.133	443
1906	192.168.1.3	54082	185.199.110.133	443
1907	185.199.110.133	443	192.168.1.3	54082
1908	192.168.1.3	54082	185.199.110.133	443
1909	185.199.110.133	443	192.168.1.3	54082
1910	185.199.110.133	443	192.168.1.3	54082
1911	185.199.110.133	443	192.168.1.3	54082
1912	185.199.110.133	443	192.168.1.3	54082
1913	192.168.1.3	54082	185.199.110.133	443
1914	192.168.1.3	54082	185.199.110.133	443
1915	185.199.110.133	443	192.168.1.3	54082
1916	185.199.110.133	443	192.168.1.3	54082
1917	192.168.1.3	54082	185.199.110.133	443
1918	185.199.110.133	443	192.168.1.3	54082
1919	185.199.110.133	443	192.168.1.3	54082
1920	185.199.110.133	443	192.168.1.3	54082
1921	185.199.110.133	443	192.168.1.3	54082
1922	192.168.1.3	54082	185.199.110.133	443
1923	192.168.1.3	54082	185.199.110.133	443
1924	192.168.1.3	54082	185.199.110.133	443
1925	185.199.110.133	443	192.168.1.3	54082
1926	185.199.110.133	443	192.168.1.3	54082
1927	185.199.110.133	443	192.168.1.3	54082
1928	192.168.1.3	54082	185.199.110.133	443
1929	192.168.1.3	54082	185.199.110.133	443
1934	192.168.1.3	52926	199.247.27.41	3333
1936	192.168.1.3	52926	199.247.27.41	3333
1938	192.168.1.3	52926	199.247.27.41	3333
1939	192.168.1.3	52926	199.247.27.41	3333
1940	192.168.1.3	52926	199.247.27.41	3333
1941	192.168.1.3	52928	199.247.27.41	3333
1942	192.168.1.3	52928	199.247.27.41	3333
1943	192.168.1.3	52928	199.247.27.41	3333
1944	192.168.1.3	52928	199.247.27.41	3333
1947	192.168.1.3	52928	199.247.27.41	3333
1963	192.168.1.3	40106	178.128.242.134	3333
1965	192.168.1.3	40106	178.128.242.134	3333
1966	192.168.1.3	40106	178.128.242.134	3333
1969	192.168.1.3	40106	178.128.242.134	3333
